task,"('google/gemma-3-270m-it', 'Base')","('google/gemma-3-270m-it', 'Best Skip Layer')","('google/gemma-3-270m-it', 'Performance')","('google/gemma-3-270m-it', 'Candidate Count')","('google/gemma-3-1b-it', 'Base')","('google/gemma-3-1b-it', 'Best Skip Layer')","('google/gemma-3-1b-it', 'Performance')","('google/gemma-3-1b-it', 'Candidate Count')","('meta-llama/Llama-3.2-1B-Instruct', 'Base')","('meta-llama/Llama-3.2-1B-Instruct', 'Best Skip Layer')","('meta-llama/Llama-3.2-1B-Instruct', 'Performance')","('meta-llama/Llama-3.2-1B-Instruct', 'Candidate Count')","('meta-llama/Llama-3.2-3B-Instruct', 'Base')","('meta-llama/Llama-3.2-3B-Instruct', 'Best Skip Layer')","('meta-llama/Llama-3.2-3B-Instruct', 'Performance')","('meta-llama/Llama-3.2-3B-Instruct', 'Candidate Count')","('Qwen/Qwen3-1.7B', 'Base')","('Qwen/Qwen3-1.7B', 'Best Skip Layer')","('Qwen/Qwen3-1.7B', 'Performance')","('Qwen/Qwen3-1.7B', 'Candidate Count')","('Qwen/Qwen3-4B', 'Base')","('Qwen/Qwen3-4B', 'Best Skip Layer')","('Qwen/Qwen3-4B', 'Performance')","('Qwen/Qwen3-4B', 'Candidate Count')","('Qwen/Qwen3-8B', 'Base')","('Qwen/Qwen3-8B', 'Best Skip Layer')","('Qwen/Qwen3-8B', 'Performance')","('Qwen/Qwen3-8B', 'Candidate Count')","('allenai/OLMo-2-0425-1B-Instruct', 'Base')","('allenai/OLMo-2-0425-1B-Instruct', 'Best Skip Layer')","('allenai/OLMo-2-0425-1B-Instruct', 'Performance')","('allenai/OLMo-2-0425-1B-Instruct', 'Candidate Count')","('allenai/OLMo-2-1124-7B-Instruct', 'Base')","('allenai/OLMo-2-1124-7B-Instruct', 'Best Skip Layer')","('allenai/OLMo-2-1124-7B-Instruct', 'Performance')","('allenai/OLMo-2-1124-7B-Instruct', 'Candidate Count')"
global_mmlu_full_ar_formal_logic,23.02%,11,+13.49%,10,35.71%,21,+1.59%,1,27.78%,13,+7.94%,1,26.98%,24,+7.94%,11,34.13%,18,+5.56%,11,49.21%,7,+2.38%,7,58.73%,34,+3.97%,1,32.54%,8,+2.38%,1,23.02%,2,+8.73%,25
global_mmlu_full_ar_high_school_european_history,24.85%,8,+3.64%,3,35.15%,20,+3.03%,5,36.97%,11,+3.64%,2,49.70%,27,+2.42%,4,53.33%,24,+1.82%,5,69.70%,27,+1.21%,5,70.91%,15,+1.82%,4,29.70%,7,0.00%,0,43.03%,31,+3.03%,5
global_mmlu_full_ar_high_school_us_history,24.51%,5,+2.94%,11,38.24%,18,+2.94%,4,34.31%,14,+1.96%,1,42.16%,16,+2.94%,4,37.75%,16,+2.94%,7,59.80%,34,+1.96%,3,68.14%,22,+1.96%,8,32.84%,12,+1.47%,2,37.25%,19,+3.92%,7
global_mmlu_full_ar_high_school_world_history,23.21%,17,+6.75%,16,36.29%,24,+3.80%,5,37.55%,14,+2.53%,1,58.23%,16,+1.69%,3,54.43%,25,+1.27%,3,70.46%,25,+3.38%,8,71.73%,16,+3.80%,15,29.96%,12,+2.95%,3,45.99%,24,0.00%,0
global_mmlu_full_ar_international_law,22.31%,8,+10.74%,14,37.19%,18,+4.96%,8,52.07%,15,-1.65%,0,61.98%,16,+2.48%,3,56.20%,18,+4.13%,7,67.77%,31,+0.83%,1,72.73%,2,+2.48%,3,30.58%,11,+3.31%,2,45.45%,15,+4.96%,7
global_mmlu_full_ar_jurisprudence,26.85%,16,+4.63%,3,33.33%,20,+2.78%,1,42.59%,15,0.00%,0,57.41%,24,-0.93%,0,44.44%,22,+1.85%,2,56.48%,27,+2.78%,5,63.89%,28,+1.85%,2,36.11%,13,+3.70%,2,41.67%,12,+6.48%,15
global_mmlu_full_ar_logical_fallacies,26.99%,17,+4.29%,5,34.97%,24,+1.23%,1,29.45%,11,+4.91%,7,47.24%,20,+1.23%,3,44.79%,24,+2.45%,2,57.67%,26,+1.23%,1,55.21%,25,+3.07%,4,26.99%,11,+1.84%,4,41.10%,29,+0.61%,1
global_mmlu_full_ar_moral_disputes,26.01%,17,+4.05%,8,35.55%,18,+1.73%,5,31.50%,11,+3.18%,4,50.29%,21,0.00%,0,46.82%,20,+1.16%,6,54.34%,27,0.00%,0,58.96%,2,+0.29%,1,34.39%,14,-0.87%,0,43.64%,19,+1.16%,6
global_mmlu_full_ar_moral_scenarios,24.25%,11,+3.02%,4,23.46%,5,+2.46%,18,24.25%,13,+3.13%,8,25.36%,20,+2.01%,11,24.25%,4,+2.23%,4,30.84%,2,+0.67%,5,33.52%,12,+2.01%,4,24.36%,14,+1.68%,4,25.92%,28,+1.68%,3
global_mmlu_full_ar_philosophy,29.90%,17,+5.47%,2,31.83%,20,+3.86%,9,36.33%,15,+1.93%,1,45.66%,20,+2.25%,4,39.87%,10,+0.32%,2,50.16%,13,+2.25%,7,61.74%,21,+1.61%,8,31.19%,12,+1.61%,2,41.16%,25,+1.93%,8
global_mmlu_full_ar_prehistory,26.85%,17,+2.78%,3,37.35%,24,+1.85%,4,36.42%,15,+0.31%,1,42.28%,18,+2.47%,5,41.67%,27,-0.31%,0,44.75%,29,+2.16%,9,54.01%,35,+3.09%,12,30.56%,12,-0.62%,0,38.89%,22,+0.93%,3
global_mmlu_full_ar_professional_law,25.29%,8,+1.83%,2,29.34%,19,+0.13%,2,30.38%,14,+0.52%,1,33.25%,22,+2.28%,8,32.53%,25,+1.04%,8,39.37%,31,0.00%,0,41.66%,25,+0.78%,4,24.84%,12,+1.69%,6,31.16%,25,+0.65%,3
global_mmlu_full_ar_world_religions,22.22%,0,+9.94%,16,32.16%,16,+4.09%,4,40.35%,14,+1.17%,1,44.44%,17,0.00%,0,42.11%,13,+2.34%,2,52.63%,32,+1.17%,2,64.33%,22,+3.51%,5,27.49%,0,+4.68%,3,34.50%,9,+2.92%,7
global_mmlu_full_ar_business_ethics,27.00%,1,+7.00%,9,36.00%,20,+4.00%,3,35.00%,14,+8.00%,5,45.00%,12,+5.00%,4,47.00%,22,+9.00%,8,61.00%,20,+2.00%,4,64.00%,27,+5.00%,8,26.00%,4,+6.00%,5,37.00%,9,+1.00%,4
global_mmlu_full_ar_clinical_knowledge,27.17%,11,+3.02%,2,39.62%,21,+1.13%,2,36.23%,15,+2.64%,2,43.40%,24,+3.77%,5,43.40%,26,+3.40%,6,56.60%,34,+0.75%,1,58.87%,30,+1.89%,6,25.66%,7,+3.40%,9,34.72%,6,+1.51%,4
global_mmlu_full_ar_college_medicine,20.81%,11,+12.72%,14,34.68%,24,+3.47%,4,33.53%,15,0.00%,0,41.62%,24,+2.89%,3,39.88%,25,+1.73%,3,51.45%,25,+2.89%,4,58.38%,33,+1.73%,5,21.97%,8,+8.09%,10,29.48%,28,+4.62%,8
global_mmlu_full_ar_global_facts,25.00%,14,+9.00%,6,30.00%,20,+9.00%,7,32.00%,8,+6.00%,7,37.00%,21,+3.00%,4,32.00%,13,+4.00%,3,19.00%,10,+9.00%,30,37.00%,35,+6.00%,3,21.00%,6,+14.00%,12,26.00%,3,+6.00%,17
global_mmlu_full_ar_human_aging,35.43%,12,+2.24%,1,33.18%,15,+4.04%,6,37.22%,7,+1.35%,2,44.39%,25,+2.69%,6,39.91%,16,+4.48%,10,54.26%,26,+3.14%,4,58.30%,25,0.00%,0,30.94%,5,+6.73%,14,42.60%,26,+4.04%,11
global_mmlu_full_ar_management,26.21%,11,+11.65%,6,33.01%,15,+5.83%,6,44.66%,15,-4.85%,0,50.49%,23,+2.91%,3,38.83%,10,+2.91%,6,54.37%,20,+3.88%,7,66.02%,22,+2.91%,5,27.18%,8,+9.71%,5,37.86%,22,+0.97%,1
global_mmlu_full_ar_marketing,23.93%,3,+10.68%,14,46.58%,15,+2.14%,2,44.87%,14,+0.85%,2,59.40%,20,-0.43%,0,61.11%,20,+2.56%,5,72.22%,25,0.00%,0,74.36%,34,+2.14%,10,31.20%,14,+1.71%,2,48.29%,25,0.00%,0
global_mmlu_full_ar_medical_genetics,22.00%,13,+10.00%,17,37.00%,2,+2.00%,2,28.00%,11,+3.00%,5,41.00%,17,+6.00%,9,41.00%,13,+4.00%,3,46.00%,12,+5.00%,8,57.00%,34,+1.00%,1,32.00%,14,+5.00%,1,34.00%,30,+10.00%,19
global_mmlu_full_ar_miscellaneous,27.71%,16,+1.53%,5,36.53%,15,+0.77%,4,38.83%,15,-0.26%,0,52.75%,22,-1.02%,0,44.44%,17,+0.77%,8,54.66%,34,+1.92%,6,65.64%,32,+0.64%,4,29.50%,3,+0.38%,2,37.80%,29,+1.79%,4
global_mmlu_full_ar_nutrition,22.88%,11,+5.88%,13,41.18%,22,+1.31%,5,44.44%,14,+1.96%,1,50.00%,20,+1.63%,3,51.63%,26,+1.31%,4,58.50%,13,+2.61%,4,70.92%,26,+0.33%,2,31.70%,12,+4.25%,2,44.12%,19,+3.59%,7
global_mmlu_full_ar_professional_accounting,25.18%,3,+3.55%,5,29.08%,20,+3.90%,2,31.56%,14,+2.13%,2,36.52%,16,+1.77%,4,35.11%,20,+1.06%,2,33.69%,8,+3.90%,9,41.13%,25,+4.26%,9,29.43%,11,0.00%,0,31.56%,27,+2.13%,10
global_mmlu_full_ar_professional_medicine,19.85%,5,+25.74%,8,23.16%,13,+18.38%,6,22.79%,13,+9.19%,5,29.41%,18,+7.72%,12,32.72%,18,+5.15%,4,52.21%,34,+2.21%,1,58.82%,20,+0.37%,2,23.53%,8,+11.03%,4,26.10%,25,+4.41%,11
global_mmlu_full_ar_virology,28.31%,12,+5.42%,4,34.94%,19,+2.41%,4,39.16%,14,+1.81%,1,43.98%,21,+1.20%,5,37.95%,11,+6.63%,8,39.16%,4,+4.22%,15,45.78%,22,+3.01%,5,32.53%,11,+2.41%,2,36.75%,26,+3.01%,9
global_mmlu_full_ar_econometrics,24.56%,4,+3.51%,8,21.93%,2,+4.39%,20,22.81%,1,+7.02%,11,24.56%,15,+6.14%,20,37.72%,7,+3.51%,2,39.47%,20,+1.75%,3,48.25%,22,+5.26%,7,21.05%,10,+13.16%,13,21.93%,1,+7.02%,22
global_mmlu_full_ar_high_school_geography,24.75%,11,+10.10%,5,48.99%,19,0.00%,0,35.86%,11,+2.02%,2,50.51%,17,+1.01%,4,44.95%,24,+2.53%,4,57.58%,34,+3.03%,4,69.70%,31,+3.03%,5,28.28%,8,+6.57%,3,35.35%,31,+0.51%,1
global_mmlu_full_ar_high_school_government_and_politics,16.58%,11,+18.65%,17,44.04%,18,+1.55%,2,34.20%,13,-1.04%,0,45.08%,20,+4.15%,6,39.90%,26,+1.55%,3,61.66%,34,+2.07%,4,67.88%,26,+1.55%,5,22.28%,8,+12.44%,6,33.16%,15,+6.22%,10
global_mmlu_full_ar_high_school_macroeconomics,22.82%,11,+12.31%,8,36.41%,21,+1.03%,3,34.36%,13,+0.51%,1,41.54%,24,+0.77%,1,44.10%,25,+0.51%,1,55.90%,20,+2.56%,4,61.79%,22,+1.79%,9,29.74%,8,+5.38%,3,27.44%,7,+1.79%,8
global_mmlu_full_ar_high_school_microeconomics,22.27%,11,+13.45%,7,38.24%,15,+4.62%,4,36.13%,10,+1.26%,2,41.18%,22,0.00%,0,42.44%,26,+2.10%,5,60.08%,35,+0.42%,1,72.69%,34,+0.42%,1,32.77%,12,+4.62%,1,34.45%,15,+2.52%,1
global_mmlu_full_ar_high_school_psychology,22.57%,11,+12.11%,7,38.72%,21,+1.10%,3,32.84%,15,-0.73%,0,40.55%,24,+2.20%,8,44.95%,18,+1.28%,4,61.65%,35,+0.92%,2,71.01%,25,+1.83%,4,26.97%,8,+5.69%,3,31.01%,15,+2.75%,7
global_mmlu_full_ar_human_sexuality,21.37%,3,+7.63%,16,40.46%,19,+1.53%,2,36.64%,11,0.00%,0,48.09%,19,+1.53%,3,48.85%,23,+0.76%,1,57.25%,26,0.00%,0,61.07%,29,+1.53%,7,29.01%,15,+4.58%,3,31.30%,13,+6.87%,11
global_mmlu_full_ar_professional_psychology,24.51%,8,+3.92%,13,30.88%,20,+2.78%,3,27.61%,1,+1.47%,3,35.95%,17,+0.65%,4,37.58%,25,+1.47%,4,47.71%,28,+1.31%,3,53.92%,33,+1.14%,6,29.08%,14,-1.14%,0,30.72%,22,+1.14%,7
global_mmlu_full_ar_public_relations,28.18%,16,+8.18%,2,30.91%,15,+3.64%,2,33.64%,9,+2.73%,2,39.09%,18,+3.64%,10,38.18%,19,+4.55%,13,49.09%,25,+0.91%,1,56.36%,21,+3.64%,4,25.45%,5,+9.09%,13,39.09%,27,+1.82%,3
global_mmlu_full_ar_security_studies,19.59%,11,+17.96%,10,42.04%,18,+1.63%,5,38.78%,13,+0.82%,1,54.29%,19,+3.27%,3,55.92%,27,-0.41%,0,64.49%,35,+0.41%,1,71.02%,25,-0.82%,0,31.02%,8,+4.90%,4,50.20%,24,+0.41%,1
global_mmlu_full_ar_sociology,24.38%,11,+2.49%,9,49.25%,17,+2.99%,3,42.79%,14,+3.98%,1,57.71%,22,+1.99%,5,52.74%,26,+3.48%,3,68.66%,25,+2.49%,3,69.15%,31,+1.49%,6,25.37%,12,+5.47%,4,39.80%,19,+2.99%,6
global_mmlu_full_ar_us_foreign_policy,32.00%,13,0.00%,0,56.00%,20,+1.00%,2,55.00%,15,-1.00%,0,62.00%,24,0.00%,0,56.00%,22,+5.00%,7,65.00%,28,+1.00%,1,72.00%,35,+2.00%,4,32.00%,12,+5.00%,2,55.00%,24,+2.00%,1
global_mmlu_full_ar_abstract_algebra,24.00%,17,+11.00%,4,24.00%,11,+10.00%,9,25.00%,4,+9.00%,10,38.00%,23,0.00%,0,36.00%,25,+3.00%,3,34.00%,7,+6.00%,15,41.00%,28,+5.00%,12,33.00%,15,+2.00%,1,36.00%,5,+3.00%,5
global_mmlu_full_ar_anatomy,25.19%,8,+8.15%,5,36.30%,25,+2.22%,1,31.85%,11,+4.44%,2,36.30%,18,+2.96%,8,35.56%,23,+2.22%,3,36.30%,20,+5.19%,16,47.41%,28,+2.22%,2,20.00%,3,+6.67%,13,27.41%,12,+8.15%,16
global_mmlu_full_ar_astronomy,21.71%,8,+11.84%,7,31.58%,20,+5.92%,5,34.21%,11,+4.61%,2,38.16%,18,+4.61%,6,47.37%,23,+2.63%,6,59.87%,28,+2.63%,6,65.13%,22,+2.63%,11,28.29%,12,+2.63%,2,32.89%,10,+2.63%,4
global_mmlu_full_ar_college_biology,25.00%,8,+2.08%,7,30.56%,15,+3.47%,5,25.69%,11,+5.56%,9,34.03%,20,+4.86%,7,37.50%,26,+2.78%,4,59.03%,26,-0.69%,0,63.89%,28,+2.78%,1,27.78%,12,+3.47%,4,23.61%,0,+5.56%,17
global_mmlu_full_ar_college_chemistry,19.00%,11,+23.00%,10,33.00%,19,+5.00%,3,25.00%,13,+11.00%,5,39.00%,19,+3.00%,2,39.00%,23,+3.00%,3,46.00%,26,+5.00%,13,56.00%,17,+5.00%,7,26.00%,8,+6.00%,4,24.00%,2,+12.00%,22
global_mmlu_full_ar_college_computer_science,20.00%,11,+13.00%,14,34.00%,19,+1.00%,2,34.00%,15,-1.00%,0,33.00%,18,+7.00%,9,35.00%,18,+10.00%,7,50.00%,33,+3.00%,6,52.00%,25,+5.00%,12,26.00%,8,+5.00%,4,33.00%,15,+4.00%,11
global_mmlu_full_ar_college_mathematics,18.00%,11,+14.00%,17,29.00%,16,+1.00%,1,28.00%,15,+1.00%,1,29.00%,1,+6.00%,8,33.00%,25,+5.00%,7,37.00%,7,+7.00%,13,44.00%,29,+8.00%,9,32.00%,12,-1.00%,0,33.00%,1,+3.00%,5
global_mmlu_full_ar_college_physics,26.47%,11,+10.78%,5,20.59%,0,+11.76%,15,23.53%,10,+5.88%,5,19.61%,1,+12.75%,23,33.33%,25,+2.94%,6,38.24%,22,+4.90%,7,46.08%,27,+10.78%,13,25.49%,8,+9.80%,2,20.59%,11,+13.73%,18
global_mmlu_full_ar_computer_security,28.00%,4,+3.00%,5,35.00%,24,+5.00%,8,45.00%,15,+3.00%,1,45.00%,8,+7.00%,8,52.00%,18,+2.00%,2,62.00%,25,+5.00%,5,72.00%,26,0.00%,0,29.00%,11,+1.00%,2,45.00%,29,+1.00%,1
global_mmlu_full_ar_conceptual_physics,25.11%,16,+4.68%,13,33.19%,21,+0.43%,1,31.91%,12,+2.55%,4,33.62%,13,+3.83%,8,41.28%,16,+0.85%,3,55.74%,28,+1.70%,6,65.11%,29,+2.13%,6,31.06%,3,+5.11%,8,29.79%,14,+2.55%,6
global_mmlu_full_ar_electrical_engineering,23.45%,17,+8.97%,12,40.00%,20,+4.14%,5,39.31%,14,+0.69%,1,45.52%,22,+2.76%,5,46.90%,22,+2.07%,3,54.48%,8,+0.69%,2,59.31%,25,+2.07%,4,31.72%,13,+1.38%,2,39.31%,8,+4.14%,16
global_mmlu_full_ar_elementary_mathematics,23.54%,8,+3.17%,8,29.89%,25,+1.59%,1,27.78%,2,+1.32%,2,34.92%,20,+1.32%,3,47.62%,26,+0.79%,3,55.82%,22,+2.12%,2,66.67%,25,+1.32%,3,24.34%,5,+4.23%,14,31.48%,10,+1.59%,5
global_mmlu_full_ar_high_school_biology,23.23%,11,+8.06%,11,38.71%,21,0.00%,0,36.77%,14,+0.32%,1,44.84%,17,+1.94%,7,45.16%,18,+3.23%,6,62.90%,34,+1.94%,4,74.19%,22,0.00%,0,29.03%,12,+3.55%,3,31.29%,19,+3.87%,12
global_mmlu_full_ar_high_school_chemistry,27.09%,17,+5.91%,3,28.57%,20,+6.40%,5,33.00%,11,+5.42%,1,47.78%,18,-1.97%,0,44.33%,18,+1.48%,2,53.69%,19,+2.96%,6,61.58%,27,+1.97%,5,24.63%,2,+7.39%,9,29.56%,16,+1.97%,6
global_mmlu_full_ar_high_school_computer_science,22.00%,3,+14.00%,15,32.00%,20,+6.00%,8,29.00%,11,+9.00%,7,46.00%,16,+4.00%,6,50.00%,16,+4.00%,5,68.00%,28,+4.00%,7,75.00%,33,+5.00%,13,26.00%,0,+3.00%,3,39.00%,17,+7.00%,1
global_mmlu_full_ar_high_school_mathematics,21.11%,3,+6.30%,13,26.67%,16,+0.37%,1,30.74%,14,-0.74%,0,30.37%,20,+4.81%,13,39.63%,23,+3.33%,5,43.33%,27,+1.11%,4,44.07%,33,+4.81%,12,29.63%,15,+1.11%,1,29.26%,1,+2.59%,8
global_mmlu_full_ar_high_school_physics,17.88%,11,+15.23%,15,25.83%,21,+1.99%,2,25.83%,10,+4.64%,6,31.79%,15,+7.95%,7,27.15%,26,+5.30%,13,41.06%,34,+5.30%,9,54.97%,22,+3.31%,4,31.79%,8,+0.66%,2,25.17%,3,+5.96%,18
global_mmlu_full_ar_high_school_statistics,15.28%,11,+28.70%,9,24.07%,9,+3.24%,7,29.63%,13,+5.56%,2,29.63%,5,+11.11%,14,41.20%,18,+10.65%,5,59.72%,34,+3.24%,4,64.81%,27,+2.31%,6,27.78%,8,+16.67%,2,29.17%,18,+6.94%,19
global_mmlu_full_ar_machine_learning,25.89%,1,+10.71%,11,25.89%,10,+9.82%,17,25.00%,6,+7.14%,9,25.89%,11,+8.93%,19,30.36%,8,+7.14%,5,39.29%,29,+3.57%,6,40.18%,29,+3.57%,4,33.04%,14,+5.36%,1,23.21%,7,+9.82%,14
global_mmlu_full_en_formal_logic,19.05%,11,+11.11%,13,38.89%,22,+0.79%,1,33.33%,12,+1.59%,3,34.92%,22,+3.97%,2,46.03%,18,+5.56%,4,62.70%,29,+2.38%,1,65.08%,24,+4.76%,2,32.54%,12,-1.59%,0,34.13%,16,+3.97%,8
global_mmlu_full_en_high_school_european_history,24.85%,8,+7.88%,8,49.09%,20,+5.45%,1,61.82%,11,+1.21%,1,76.36%,23,+1.21%,2,66.67%,22,+3.64%,8,77.58%,25,+0.61%,2,84.85%,14,+0.61%,2,52.73%,11,+2.42%,2,75.15%,27,0.00%,0
global_mmlu_full_en_high_school_us_history,24.02%,1,+4.41%,14,46.57%,18,+5.88%,7,57.84%,15,0.00%,0,73.53%,20,+3.92%,5,64.22%,24,+0.98%,7,80.39%,35,+1.96%,7,89.22%,27,+0.49%,2,46.57%,11,+1.96%,2,77.94%,16,+2.45%,7
global_mmlu_full_en_high_school_world_history,25.32%,1,+5.49%,15,52.32%,18,+1.27%,3,64.14%,15,-0.84%,0,79.32%,23,+0.84%,3,71.73%,25,+2.53%,6,82.28%,26,+1.69%,10,86.50%,7,+1.27%,7,57.38%,12,+2.11%,2,75.11%,29,+2.11%,16
global_mmlu_full_en_international_law,21.49%,9,+23.97%,14,52.07%,20,+2.48%,4,62.81%,15,-1.65%,0,73.55%,21,+0.83%,1,64.46%,23,+4.13%,7,75.21%,26,+2.48%,5,79.34%,2,+1.65%,6,50.41%,12,+2.48%,2,72.73%,28,+2.48%,4
global_mmlu_full_en_jurisprudence,25.93%,5,+2.78%,7,46.30%,22,+1.85%,5,51.85%,11,+1.85%,2,64.81%,20,0.00%,0,62.96%,18,+1.85%,3,74.07%,21,0.00%,0,80.56%,25,+1.85%,4,47.22%,11,+2.78%,1,76.85%,20,+0.93%,2
global_mmlu_full_en_logical_fallacies,34.36%,14,+1.84%,2,41.72%,20,+3.07%,4,48.47%,15,+0.61%,1,68.71%,18,+4.29%,6,68.10%,23,0.00%,0,77.91%,25,+2.45%,7,80.98%,22,+1.23%,2,39.26%,13,+1.84%,2,73.62%,26,+1.84%,5
global_mmlu_full_en_moral_disputes,26.59%,17,+2.31%,3,39.02%,20,+3.47%,8,45.09%,14,-0.29%,0,60.98%,23,+4.05%,9,56.65%,16,+2.60%,6,65.03%,30,+2.02%,11,74.57%,31,+0.58%,2,45.09%,15,-0.58%,0,69.08%,19,+1.16%,7
global_mmlu_full_en_moral_scenarios,24.13%,11,+3.13%,9,26.15%,2,+1.12%,2,39.66%,15,-1.23%,0,58.21%,17,+1.45%,1,24.25%,1,+3.02%,9,37.32%,24,+5.14%,9,41.12%,20,+2.57%,7,24.25%,6,+2.79%,3,24.80%,16,+8.38%,20
global_mmlu_full_en_philosophy,28.62%,17,+5.79%,3,41.80%,20,+2.57%,5,52.73%,15,+1.61%,2,68.17%,16,+1.29%,4,57.56%,24,+2.25%,6,69.77%,31,+2.57%,10,73.31%,2,+1.93%,6,44.37%,12,+0.96%,3,65.92%,24,+1.61%,9
global_mmlu_full_en_prehistory,28.70%,8,+3.70%,1,44.75%,20,+2.16%,7,52.47%,15,-0.93%,0,65.43%,20,+0.93%,3,60.49%,26,+4.32%,6,75.00%,31,+0.62%,3,81.79%,26,+1.85%,5,44.14%,12,+4.32%,3,68.52%,20,+0.62%,4
global_mmlu_full_en_professional_law,24.38%,8,+3.13%,9,29.92%,18,+0.85%,5,35.40%,11,-0.91%,0,45.37%,20,+0.91%,2,39.24%,26,+0.59%,2,46.54%,26,+0.72%,4,51.30%,31,+0.39%,1,31.94%,15,+0.20%,1,43.74%,20,+0.78%,8
global_mmlu_full_en_world_religions,23.39%,4,+9.36%,16,52.63%,21,+2.92%,2,66.67%,15,-4.09%,0,79.53%,22,+1.17%,2,73.10%,20,+0.58%,1,77.78%,19,+2.92%,14,83.04%,2,+2.34%,10,58.48%,11,+1.17%,2,81.87%,25,0.00%,0
global_mmlu_full_en_business_ethics,22.00%,0,+8.00%,13,41.00%,17,+3.00%,6,42.00%,12,+6.00%,3,59.00%,12,+6.00%,4,64.00%,22,+3.00%,2,73.00%,15,+1.00%,2,75.00%,22,+2.00%,3,52.00%,15,-1.00%,0,60.00%,4,+4.00%,1
global_mmlu_full_en_clinical_knowledge,25.28%,11,+3.77%,6,46.42%,22,+1.51%,4,53.58%,15,-2.26%,0,64.15%,16,+3.02%,10,59.62%,18,+4.91%,7,72.45%,32,+0.38%,2,80.75%,28,+1.89%,8,43.40%,12,+3.40%,2,63.02%,20,+1.89%,6
global_mmlu_full_en_college_medicine,19.08%,11,+13.87%,18,42.20%,23,+0.58%,1,43.35%,15,-2.89%,0,62.43%,22,+3.47%,3,57.23%,20,+1.16%,2,72.83%,33,+1.16%,3,76.88%,24,+2.31%,10,35.26%,12,+2.89%,2,50.29%,28,+1.73%,4
global_mmlu_full_en_global_facts,28.00%,16,+6.00%,6,32.00%,11,+7.00%,4,35.00%,15,-1.00%,0,33.00%,14,+7.00%,11,27.00%,6,+9.00%,11,35.00%,9,+8.00%,16,43.00%,2,+4.00%,5,26.00%,13,+11.00%,12,35.00%,20,+5.00%,15
global_mmlu_full_en_human_aging,28.25%,1,+4.04%,9,47.53%,19,+1.35%,3,55.16%,15,-0.90%,0,65.47%,23,+2.24%,1,59.64%,20,+1.35%,2,68.61%,22,+1.79%,4,74.44%,26,+0.45%,2,52.47%,13,+0.45%,2,66.82%,24,+2.69%,8
global_mmlu_full_en_management,24.27%,11,+7.77%,6,55.34%,15,+1.94%,6,60.19%,15,+3.88%,1,72.82%,16,-0.97%,0,68.93%,18,+6.80%,6,79.61%,2,+0.97%,4,88.35%,21,+1.94%,3,47.57%,12,+4.85%,4,74.76%,4,+2.91%,5
global_mmlu_full_en_marketing,26.07%,13,+6.41%,14,62.39%,24,+1.28%,3,70.09%,11,-2.14%,0,82.91%,22,+0.85%,2,78.21%,26,+2.56%,6,85.90%,21,+2.56%,3,92.74%,26,+0.43%,1,60.26%,15,+2.56%,2,82.05%,24,+0.85%,6
global_mmlu_full_en_medical_genetics,24.00%,5,+7.00%,13,42.00%,24,+4.00%,3,57.00%,14,-2.00%,0,74.00%,12,+2.00%,1,65.00%,20,+3.00%,5,75.00%,14,+4.00%,8,84.00%,21,+1.00%,1,39.00%,12,+3.00%,4,68.00%,30,+3.00%,3
global_mmlu_full_en_miscellaneous,29.12%,17,+1.15%,1,53.00%,25,0.00%,0,65.77%,15,-1.02%,0,77.78%,18,+0.64%,3,67.69%,25,+0.89%,4,79.44%,26,+1.02%,7,84.16%,28,+1.02%,4,52.75%,15,+1.92%,4,78.42%,19,+0.38%,2
global_mmlu_full_en_nutrition,26.80%,14,+3.92%,7,44.44%,22,+2.29%,8,55.88%,15,-1.63%,0,67.32%,20,+1.96%,4,62.42%,18,+2.94%,5,73.86%,30,+0.98%,3,77.78%,19,+1.96%,8,44.44%,15,+1.96%,3,71.24%,22,+2.61%,9
global_mmlu_full_en_professional_accounting,22.70%,3,+6.74%,15,30.50%,16,+1.06%,1,36.52%,15,-1.06%,0,43.97%,24,+4.26%,9,46.10%,17,+0.71%,3,52.13%,31,+2.48%,12,59.22%,26,+1.42%,3,34.04%,12,0.00%,0,40.78%,22,+1.42%,6
global_mmlu_full_en_professional_medicine,19.49%,11,+22.79%,6,30.51%,13,+10.66%,5,58.09%,15,+1.47%,2,76.47%,26,+2.57%,2,52.57%,18,+9.19%,8,72.79%,19,+2.94%,6,80.51%,22,+2.21%,13,31.62%,15,+3.68%,3,58.82%,25,+0.37%,2
global_mmlu_full_en_virology,29.52%,12,+4.22%,4,42.17%,24,+3.01%,3,46.99%,11,-1.20%,0,51.20%,19,+1.81%,2,50.60%,10,0.00%,0,50.00%,1,+1.81%,4,54.82%,15,+0.60%,3,42.17%,14,+0.60%,1,50.00%,23,+1.81%,9
global_mmlu_full_en_econometrics,26.32%,13,+3.51%,3,20.18%,0,+6.14%,14,26.32%,1,+4.39%,7,40.35%,24,+5.26%,7,45.61%,18,+2.63%,4,57.02%,2,+4.39%,8,64.91%,15,+1.75%,4,21.05%,9,+8.77%,16,33.33%,19,+4.39%,12
global_mmlu_full_en_high_school_geography,26.77%,11,+5.56%,5,57.07%,22,0.00%,0,57.07%,15,-0.51%,0,74.24%,18,+1.52%,3,70.71%,23,+2.02%,5,82.83%,25,+2.02%,11,87.37%,28,+0.51%,1,44.95%,12,+5.56%,3,75.76%,15,+1.52%,2
global_mmlu_full_en_high_school_government_and_politics,23.32%,11,+10.36%,4,54.40%,21,+1.55%,5,57.51%,15,-0.52%,0,77.20%,22,+3.63%,6,70.98%,22,+0.52%,1,85.49%,31,+1.04%,3,92.23%,21,+0.52%,4,55.44%,12,+5.18%,2,83.94%,16,+2.59%,7
global_mmlu_full_en_high_school_macroeconomics,23.08%,11,+12.05%,6,38.21%,19,+2.05%,6,42.82%,14,+0.77%,1,56.67%,20,+2.56%,5,55.64%,18,+2.31%,5,72.05%,21,+0.77%,5,78.97%,22,+1.03%,6,37.44%,12,+2.05%,3,59.49%,24,+1.54%,4
global_mmlu_full_en_high_school_microeconomics,21.85%,11,+13.03%,8,44.54%,22,+1.26%,2,43.28%,15,+5.46%,2,62.61%,19,+2.10%,4,67.65%,18,+0.42%,2,80.67%,26,+0.84%,5,89.92%,25,+1.68%,7,37.82%,12,+2.52%,1,64.71%,20,+2.10%,10
global_mmlu_full_en_high_school_psychology,26.42%,13,+2.39%,4,53.94%,21,+1.83%,5,62.20%,15,+2.02%,1,77.61%,24,+1.47%,5,77.25%,18,+1.10%,4,85.14%,21,+0.55%,3,90.09%,21,+1.28%,5,53.76%,12,+3.30%,2,79.63%,15,0.00%,0
global_mmlu_full_en_human_sexuality,25.95%,14,+4.58%,6,48.85%,22,+2.29%,1,57.25%,15,-1.53%,0,70.23%,19,+3.05%,3,67.18%,18,+2.29%,3,74.05%,24,+3.82%,6,82.44%,32,+1.53%,1,52.67%,14,+2.29%,2,73.28%,20,+1.53%,5
global_mmlu_full_en_professional_psychology,25.98%,8,+1.96%,4,35.62%,17,+1.63%,6,42.81%,11,-1.31%,0,58.66%,16,+1.31%,4,56.21%,24,+0.16%,1,71.90%,26,+0.82%,4,74.51%,22,+0.33%,3,38.56%,12,+2.12%,3,60.95%,22,+0.33%,1
global_mmlu_full_en_public_relations,31.82%,14,+1.82%,2,48.18%,19,+3.64%,3,50.91%,15,0.00%,0,60.00%,18,+1.82%,5,58.18%,20,+1.82%,6,64.55%,8,+2.73%,4,67.27%,11,+1.82%,3,49.09%,11,+2.73%,2,61.82%,24,0.00%,0
global_mmlu_full_en_security_studies,19.59%,11,+17.55%,10,53.47%,20,+2.04%,6,54.29%,15,-1.22%,0,68.57%,24,-0.82%,0,64.08%,25,+2.04%,2,74.29%,35,+1.22%,1,76.33%,32,+1.63%,7,49.39%,12,+3.67%,4,66.12%,19,+2.04%,5
global_mmlu_full_en_sociology,24.88%,11,+3.98%,6,56.72%,19,+2.49%,3,63.18%,15,+1.00%,1,78.11%,19,+1.49%,5,68.66%,26,+2.49%,7,80.60%,2,+0.50%,5,83.58%,30,+1.49%,11,60.20%,11,+1.00%,3,83.08%,21,+0.50%,1
global_mmlu_full_en_us_foreign_policy,26.00%,17,+11.00%,14,57.00%,19,+4.00%,2,75.00%,11,-1.00%,0,82.00%,12,+1.00%,3,76.00%,24,+3.00%,4,85.00%,28,+2.00%,4,88.00%,19,+1.00%,1,57.00%,15,+3.00%,3,85.00%,22,+1.00%,5
global_mmlu_full_en_abstract_algebra,23.00%,8,+7.00%,7,26.00%,10,+4.00%,7,33.00%,0,+2.00%,1,30.00%,4,+8.00%,16,38.00%,9,+4.00%,5,54.00%,28,+3.00%,4,58.00%,2,+1.00%,1,25.00%,11,+7.00%,10,33.00%,15,+3.00%,11
global_mmlu_full_en_anatomy,25.19%,9,+7.41%,5,39.26%,18,+3.70%,4,50.37%,11,0.00%,0,61.48%,18,+4.44%,1,54.81%,25,+2.22%,2,60.74%,19,+6.67%,7,72.59%,33,0.00%,0,40.00%,13,+2.96%,2,58.52%,15,+2.22%,5
global_mmlu_full_en_astronomy,23.68%,8,+9.87%,6,39.47%,20,+5.26%,7,53.95%,15,0.00%,0,68.42%,17,+0.66%,1,71.05%,18,+1.97%,4,76.97%,25,+1.97%,11,89.47%,28,+0.66%,1,38.82%,12,+4.61%,3,67.11%,26,+1.32%,4
global_mmlu_full_en_college_biology,22.92%,4,+7.64%,12,39.58%,15,+3.47%,8,50.69%,15,-1.39%,0,72.22%,23,+1.39%,3,68.06%,22,+0.69%,1,84.03%,33,+0.69%,1,87.50%,26,+1.39%,4,45.14%,15,+2.08%,1,72.22%,20,+2.08%,9
global_mmlu_full_en_college_chemistry,21.00%,4,+17.00%,6,37.00%,23,+1.00%,1,30.00%,15,+12.00%,5,39.00%,7,+6.00%,8,42.00%,20,+3.00%,5,57.00%,25,+1.00%,3,57.00%,2,+3.00%,3,33.00%,12,+4.00%,1,42.00%,28,+6.00%,11
global_mmlu_full_en_college_computer_science,18.00%,8,+15.00%,15,34.00%,2,+8.00%,7,34.00%,15,+4.00%,2,47.00%,19,+3.00%,1,54.00%,18,+6.00%,6,66.00%,2,+5.00%,9,72.00%,24,+5.00%,11,31.00%,14,+3.00%,2,47.00%,21,+5.00%,13
global_mmlu_full_en_college_mathematics,19.00%,9,+9.00%,16,29.00%,19,+2.00%,3,35.00%,2,-1.00%,0,29.00%,20,+9.00%,13,39.00%,25,+5.00%,8,47.00%,19,+7.00%,15,57.00%,28,+3.00%,5,35.00%,12,-3.00%,0,40.00%,13,+4.00%,6
global_mmlu_full_en_college_physics,23.53%,1,+11.76%,5,22.55%,5,+5.88%,10,24.51%,13,+7.84%,5,38.24%,21,+3.92%,3,38.24%,14,+13.73%,6,56.86%,32,+0.98%,1,55.88%,7,+3.92%,7,21.57%,2,+8.82%,9,39.22%,25,+4.90%,9
global_mmlu_full_en_computer_security,25.00%,8,+7.00%,12,39.00%,15,+4.00%,7,57.00%,15,-3.00%,0,67.00%,27,+4.00%,4,71.00%,17,+1.00%,5,75.00%,31,+6.00%,22,86.00%,20,+2.00%,9,45.00%,15,+5.00%,3,73.00%,22,+1.00%,3
global_mmlu_full_en_conceptual_physics,26.38%,16,+6.81%,6,31.91%,15,+2.98%,6,44.68%,15,-1.28%,0,49.36%,18,+2.13%,9,62.98%,25,-0.85%,0,76.60%,28,+1.28%,4,81.28%,35,+1.70%,12,37.02%,6,+0.85%,2,56.60%,16,+1.70%,3
global_mmlu_full_en_electrical_engineering,28.28%,11,+4.83%,3,45.52%,20,+4.83%,6,53.10%,15,-1.38%,0,60.00%,22,+0.69%,1,55.86%,20,+1.38%,1,71.03%,2,+1.38%,4,75.86%,27,+0.69%,1,41.38%,11,+6.90%,5,49.66%,12,+6.21%,9
global_mmlu_full_en_elementary_mathematics,24.07%,11,+4.76%,10,23.54%,22,+5.29%,14,33.07%,15,-0.79%,0,39.15%,20,+2.65%,7,53.97%,26,+2.91%,4,66.14%,27,+0.79%,2,70.11%,27,+1.85%,9,30.69%,14,-1.32%,0,38.62%,28,+2.38%,8
global_mmlu_full_en_high_school_biology,25.16%,11,+7.42%,6,45.81%,22,+0.97%,4,52.26%,11,+1.94%,2,71.29%,20,+1.29%,3,66.77%,26,+4.19%,4,85.48%,26,+0.97%,3,89.68%,3,+0.97%,4,44.52%,12,+5.81%,3,73.23%,22,+1.29%,5
global_mmlu_full_en_high_school_chemistry,24.63%,8,+4.93%,7,29.06%,21,+2.96%,4,41.38%,15,+1.97%,1,54.68%,18,+3.45%,7,51.23%,24,+1.97%,9,66.01%,2,+1.97%,9,71.92%,28,+2.96%,9,24.63%,4,+6.40%,11,43.84%,7,+4.43%,7
global_mmlu_full_en_high_school_computer_science,22.00%,17,+14.00%,13,39.00%,20,+1.00%,2,42.00%,15,+2.00%,1,63.00%,20,+6.00%,5,64.00%,26,+7.00%,7,83.00%,21,+1.00%,3,88.00%,2,+1.00%,2,36.00%,11,+3.00%,3,65.00%,25,+3.00%,3
global_mmlu_full_en_high_school_mathematics,24.07%,11,+7.04%,10,23.70%,11,+2.96%,2,34.07%,13,-0.74%,0,35.56%,24,+4.81%,7,38.52%,26,+4.44%,5,46.30%,22,+2.22%,7,50.00%,26,+3.70%,4,28.89%,8,+1.11%,3,31.48%,10,+3.70%,7
global_mmlu_full_en_high_school_physics,20.53%,11,+13.25%,12,25.83%,2,+1.32%,1,25.83%,10,+3.97%,6,34.44%,24,+6.62%,14,47.68%,18,+3.31%,2,57.62%,26,+4.64%,12,70.86%,2,+1.99%,1,22.52%,2,+9.27%,11,39.07%,23,0.00%,0
global_mmlu_full_en_high_school_statistics,14.35%,11,+27.31%,16,20.37%,2,+8.33%,10,34.72%,13,+5.56%,4,47.22%,18,+3.24%,6,52.31%,18,+7.87%,8,69.91%,26,+2.31%,7,76.39%,30,+0.93%,1,27.78%,8,+4.17%,5,47.69%,22,+3.70%,9
global_mmlu_full_en_machine_learning,28.57%,13,+8.93%,6,31.25%,15,+2.68%,9,28.57%,11,+10.71%,11,46.43%,19,+7.14%,4,41.07%,22,+2.68%,8,56.25%,25,+4.46%,3,60.71%,21,+2.68%,4,34.82%,11,+1.79%,4,37.50%,9,+10.71%,16
global_mmlu_full_fr_formal_logic,16.67%,1,+15.08%,15,32.54%,22,+3.97%,4,29.37%,13,0.00%,0,27.78%,26,+7.14%,12,32.54%,18,+11.11%,15,51.59%,7,+5.56%,6,54.76%,24,+3.17%,9,30.95%,8,+3.17%,1,27.78%,14,+4.76%,10
global_mmlu_full_fr_high_school_european_history,27.88%,8,+3.64%,6,47.27%,18,+2.42%,3,53.33%,11,-1.21%,0,72.12%,21,+0.61%,1,64.24%,17,+0.61%,2,78.18%,26,+0.61%,1,78.18%,29,+1.21%,5,43.64%,14,+1.82%,1,63.64%,24,+2.42%,6
global_mmlu_full_fr_high_school_us_history,22.55%,11,+6.37%,18,34.31%,15,+8.82%,8,44.61%,14,+1.47%,1,70.10%,22,+0.98%,4,54.41%,16,+0.98%,3,72.06%,27,+1.47%,3,76.47%,25,+1.47%,8,33.82%,14,+0.98%,2,57.35%,19,+4.41%,7
global_mmlu_full_fr_high_school_world_history,24.89%,2,+6.33%,14,35.02%,15,+8.86%,7,51.90%,14,+2.53%,1,72.15%,21,+1.27%,7,64.14%,20,+2.53%,5,78.90%,19,+2.11%,7,81.43%,20,+1.27%,2,42.19%,14,+3.80%,2,64.14%,24,+0.84%,2
global_mmlu_full_fr_international_law,25.62%,9,+14.88%,6,46.28%,18,+6.61%,5,53.72%,15,-1.65%,0,64.46%,21,+3.31%,5,66.12%,23,+1.65%,2,67.77%,2,+4.13%,8,71.07%,10,+4.96%,12,35.54%,12,+2.48%,2,57.02%,4,+4.13%,14
global_mmlu_full_fr_jurisprudence,27.78%,16,+4.63%,6,41.67%,19,+3.70%,2,46.30%,15,+1.85%,1,60.19%,19,+2.78%,2,50.00%,18,+2.78%,5,63.89%,35,+3.70%,5,71.30%,2,+2.78%,5,39.81%,13,+4.63%,2,56.48%,31,+4.63%,9
global_mmlu_full_fr_logical_fallacies,33.74%,17,-0.61%,0,33.74%,20,+6.13%,7,33.74%,11,+2.45%,3,58.28%,21,+1.23%,3,55.83%,26,+3.68%,3,61.96%,19,+3.07%,6,69.94%,30,+1.84%,8,38.04%,12,0.00%,0,37.42%,8,+3.07%,15
global_mmlu_full_fr_moral_disputes,29.19%,9,+1.73%,5,39.60%,18,+2.02%,2,41.62%,14,+2.89%,2,58.67%,19,+0.29%,1,52.60%,23,+0.58%,1,60.69%,25,+1.45%,5,67.05%,25,+2.60%,5,37.86%,15,0.00%,0,49.71%,24,+3.47%,11
global_mmlu_full_fr_moral_scenarios,25.03%,11,+2.23%,5,24.25%,7,+4.13%,10,27.49%,0,+0.11%,1,38.66%,24,+3.13%,4,25.59%,17,+4.36%,9,36.20%,22,+2.68%,9,44.58%,27,+0.67%,4,24.13%,1,+2.01%,14,24.36%,16,+3.46%,18
global_mmlu_full_fr_philosophy,30.55%,9,+3.86%,4,36.98%,25,+0.96%,3,45.98%,15,+0.96%,2,58.20%,16,+1.93%,4,53.70%,25,+1.29%,3,63.67%,25,+3.22%,4,69.77%,28,+1.61%,6,34.73%,12,+3.54%,4,53.38%,24,+1.29%,8
global_mmlu_full_fr_prehistory,24.69%,17,+4.01%,7,40.12%,19,+1.54%,2,50.00%,15,-0.93%,0,57.72%,17,+0.93%,4,55.56%,27,+0.93%,1,63.27%,31,+1.54%,4,70.37%,31,+1.54%,5,37.65%,11,-0.31%,0,52.78%,25,+3.09%,3
global_mmlu_full_fr_professional_law,24.51%,8,+1.76%,9,28.42%,24,+1.30%,7,31.81%,15,-0.85%,0,37.03%,20,+0.72%,3,36.38%,27,+0.26%,2,42.11%,25,0.00%,0,44.20%,27,+1.69%,7,30.18%,14,+0.52%,1,34.62%,25,+0.91%,7
global_mmlu_full_fr_world_religions,27.49%,4,+9.94%,11,36.84%,17,+6.43%,8,55.56%,14,-1.75%,0,71.35%,22,+1.17%,4,61.99%,23,+0.58%,2,71.93%,17,+1.75%,8,81.29%,19,+0.58%,1,38.60%,15,+5.26%,3,55.56%,25,+1.75%,3
global_mmlu_full_fr_business_ethics,31.00%,2,+2.00%,1,33.00%,17,+9.00%,8,44.00%,14,+4.00%,2,53.00%,23,+6.00%,9,47.00%,20,+8.00%,13,65.00%,27,+1.00%,3,66.00%,11,+2.00%,8,44.00%,11,-3.00%,0,46.00%,4,+3.00%,1
global_mmlu_full_fr_clinical_knowledge,25.66%,11,+3.40%,2,44.53%,19,+0.38%,1,37.74%,14,+4.53%,3,56.60%,21,+1.13%,2,54.34%,16,+1.13%,3,66.04%,28,+2.64%,7,71.32%,35,+2.64%,10,32.83%,11,+1.13%,2,49.06%,19,+1.51%,6
global_mmlu_full_fr_college_medicine,16.76%,11,+16.18%,18,35.84%,15,+1.73%,5,30.64%,13,+2.31%,3,52.02%,16,0.00%,0,52.02%,25,+6.36%,5,68.21%,28,+3.47%,7,69.94%,30,+2.89%,7,32.37%,15,+2.31%,1,38.73%,14,+2.89%,9
global_mmlu_full_fr_global_facts,23.00%,3,+11.00%,7,34.00%,21,+3.00%,4,27.00%,8,+11.00%,11,31.00%,9,+9.00%,16,41.00%,23,-3.00%,0,24.00%,30,+8.00%,22,39.00%,28,+3.00%,12,29.00%,4,+5.00%,6,30.00%,1,+5.00%,12
global_mmlu_full_fr_human_aging,27.35%,12,+8.07%,9,37.67%,17,+4.48%,3,47.09%,14,+2.24%,1,53.81%,19,+1.79%,3,56.05%,27,+0.90%,1,62.78%,28,+1.79%,4,65.02%,28,+1.35%,5,45.29%,11,+3.59%,2,53.36%,21,+0.90%,5
global_mmlu_full_fr_management,22.33%,11,+7.77%,6,60.19%,23,0.00%,0,47.57%,14,+1.94%,2,62.14%,8,+6.80%,10,52.43%,26,+3.88%,4,68.93%,35,+6.80%,8,77.67%,2,+1.94%,9,32.04%,12,+1.94%,2,59.22%,21,+4.85%,8
global_mmlu_full_fr_marketing,28.63%,10,+1.28%,2,53.85%,15,+2.99%,7,53.85%,15,+0.43%,1,71.79%,21,+2.56%,4,70.94%,20,+1.71%,5,80.34%,26,+1.71%,4,82.48%,25,+0.85%,4,43.59%,12,0.00%,0,64.53%,24,+1.28%,6
global_mmlu_full_fr_medical_genetics,26.00%,2,+6.00%,8,37.00%,24,+6.00%,4,48.00%,14,-2.00%,0,57.00%,12,+6.00%,8,53.00%,24,+4.00%,8,64.00%,22,0.00%,0,72.00%,27,+1.00%,2,38.00%,14,0.00%,0,53.00%,25,+2.00%,3
global_mmlu_full_fr_miscellaneous,29.25%,16,+0.64%,1,45.34%,15,+1.02%,4,51.09%,11,+0.13%,1,66.67%,18,+0.89%,7,58.62%,26,+0.89%,1,70.50%,25,+0.89%,4,78.67%,35,+0.38%,2,37.42%,11,+1.15%,1,59.64%,21,+2.04%,13
global_mmlu_full_fr_nutrition,21.90%,11,+7.84%,15,43.14%,24,+1.96%,2,51.63%,14,-0.98%,0,55.56%,21,+5.23%,7,57.52%,18,+2.61%,5,68.95%,25,+1.63%,4,75.49%,30,+2.29%,3,36.60%,12,+3.92%,2,53.59%,28,+1.63%,6
global_mmlu_full_fr_professional_accounting,21.28%,3,+7.09%,17,34.40%,25,0.00%,0,34.40%,14,+1.77%,1,43.62%,21,-0.71%,0,38.65%,24,+2.13%,8,37.94%,19,+6.38%,13,46.10%,15,+2.84%,12,28.01%,14,+3.19%,4,35.11%,25,+3.19%,6
global_mmlu_full_fr_professional_medicine,21.32%,5,+20.59%,4,30.88%,9,+10.29%,5,31.99%,13,+1.84%,3,53.68%,19,+2.57%,6,44.85%,18,+4.41%,3,66.54%,25,+0.37%,3,71.69%,35,+1.84%,8,29.78%,8,+1.10%,1,42.65%,28,+3.68%,4
global_mmlu_full_fr_virology,27.11%,2,+3.01%,8,45.18%,23,+0.60%,1,38.55%,12,+3.61%,4,43.37%,15,+2.41%,7,46.39%,5,0.00%,0,51.20%,29,+3.01%,6,50.60%,25,+1.81%,4,37.35%,14,+4.22%,3,43.37%,30,+0.60%,1
global_mmlu_full_fr_econometrics,27.19%,2,-1.75%,0,20.18%,12,+12.28%,18,21.05%,8,+9.65%,13,34.21%,23,+3.51%,8,34.21%,26,+3.51%,5,46.49%,34,+3.51%,4,54.39%,34,+1.75%,4,19.30%,5,+9.65%,14,26.32%,1,+4.39%,15
global_mmlu_full_fr_high_school_geography,25.76%,5,+8.59%,9,50.00%,22,0.00%,0,39.90%,14,-1.01%,0,61.62%,21,+3.03%,7,61.11%,18,+1.01%,5,75.76%,25,0.00%,0,78.28%,35,+2.53%,7,33.84%,15,+2.53%,3,52.02%,9,+5.56%,8
global_mmlu_full_fr_high_school_government_and_politics,25.39%,11,+10.36%,3,46.63%,23,+0.52%,2,36.79%,15,-0.52%,0,58.03%,24,+4.66%,7,47.67%,18,+3.11%,4,70.98%,27,0.00%,0,75.65%,21,+3.11%,10,35.23%,12,+5.18%,2,52.33%,15,+4.66%,4
global_mmlu_full_fr_high_school_macroeconomics,23.33%,11,+11.28%,4,38.72%,21,+0.51%,2,35.13%,13,+0.77%,2,45.38%,19,+0.77%,3,44.62%,18,+0.51%,2,60.51%,35,+1.79%,4,68.72%,34,+0.51%,2,34.36%,8,+1.03%,1,37.69%,23,+1.79%,8
global_mmlu_full_fr_high_school_microeconomics,23.53%,11,+11.34%,7,41.18%,21,+1.68%,2,40.34%,14,-0.42%,0,46.22%,24,+9.24%,6,47.90%,18,+5.04%,5,69.33%,25,+1.26%,3,78.57%,26,0.00%,0,40.34%,12,+0.84%,1,40.76%,28,+2.52%,6
global_mmlu_full_fr_high_school_psychology,25.32%,5,+4.95%,6,47.89%,22,+0.37%,1,45.14%,15,+0.18%,1,63.85%,19,+0.92%,5,61.10%,18,+1.28%,4,75.05%,26,+1.28%,7,83.12%,35,+0.92%,4,35.60%,11,+0.92%,3,57.25%,25,+1.47%,5
global_mmlu_full_fr_human_sexuality,20.61%,5,+8.40%,15,41.22%,17,+3.05%,6,45.80%,14,+1.53%,1,61.83%,17,+1.53%,2,53.44%,22,+2.29%,5,68.70%,29,+3.05%,4,72.52%,33,+3.05%,8,46.56%,11,+2.29%,1,52.67%,19,+3.82%,7
global_mmlu_full_fr_professional_psychology,26.14%,8,+1.63%,3,33.33%,20,+2.78%,3,36.76%,14,-0.65%,0,50.82%,22,+0.49%,1,46.57%,23,+0.16%,1,58.33%,30,+1.47%,4,65.52%,29,+1.14%,6,27.45%,13,+2.61%,6,43.95%,19,+0.82%,3
global_mmlu_full_fr_public_relations,31.82%,16,+1.82%,1,43.64%,15,+6.36%,4,41.82%,14,+1.82%,1,50.00%,19,+2.73%,6,53.64%,17,+0.91%,2,52.73%,7,+3.64%,6,57.27%,25,+6.36%,14,33.64%,4,+4.55%,5,48.18%,24,+3.64%,7
global_mmlu_full_fr_security_studies,22.45%,11,+15.51%,9,44.90%,15,+2.86%,8,51.43%,15,-1.22%,0,65.31%,19,+0.41%,1,56.73%,25,+1.63%,3,65.71%,22,+3.27%,10,73.06%,32,+1.63%,7,40.41%,12,+2.04%,3,61.22%,21,+2.04%,1
global_mmlu_full_fr_sociology,26.37%,13,+3.48%,3,52.74%,15,+1.00%,3,52.74%,14,0.00%,0,67.16%,21,+3.48%,6,67.16%,26,+2.49%,3,70.65%,19,+2.49%,7,78.11%,30,+1.99%,6,48.76%,14,0.00%,0,67.66%,25,+2.49%,2
global_mmlu_full_fr_us_foreign_policy,22.00%,3,+9.00%,14,49.00%,17,+4.00%,2,58.00%,15,-2.00%,0,70.00%,17,+2.00%,4,63.00%,26,+2.00%,1,73.00%,27,+2.00%,3,80.00%,27,+2.00%,5,42.00%,12,+2.00%,2,64.00%,31,+1.00%,1
global_mmlu_full_fr_abstract_algebra,27.00%,8,+7.00%,4,25.00%,10,+9.00%,10,23.00%,9,+11.00%,11,33.00%,23,+5.00%,10,36.00%,14,+6.00%,9,41.00%,28,+5.00%,6,52.00%,27,+3.00%,3,35.00%,6,+1.00%,1,35.00%,21,+3.00%,4
global_mmlu_full_fr_anatomy,25.19%,9,+8.15%,9,36.30%,20,+4.44%,2,40.74%,11,+1.48%,1,45.19%,18,+5.93%,8,48.89%,25,+1.48%,1,52.59%,25,+2.22%,6,59.26%,18,+5.19%,8,33.33%,12,+1.48%,2,40.00%,16,+5.19%,14
global_mmlu_full_fr_astronomy,23.03%,8,+10.53%,10,40.13%,18,+3.29%,3,41.45%,14,-0.66%,0,52.63%,23,+1.97%,4,59.21%,27,+0.66%,1,73.68%,35,+3.95%,5,82.89%,2,+1.97%,3,38.82%,15,-1.32%,0,46.05%,19,+1.97%,6
global_mmlu_full_fr_college_biology,20.83%,8,+6.94%,14,31.94%,24,+5.56%,5,34.72%,11,+0.69%,1,58.33%,23,+0.69%,1,54.17%,26,+0.69%,1,65.97%,26,+1.39%,3,77.08%,35,+3.47%,7,32.64%,11,+2.08%,2,45.14%,24,+3.47%,3
global_mmlu_full_fr_college_chemistry,21.00%,4,+11.00%,6,36.00%,22,+6.00%,4,28.00%,13,+7.00%,5,36.00%,8,+7.00%,11,43.00%,18,+1.00%,2,49.00%,25,+5.00%,10,56.00%,35,+5.00%,9,23.00%,8,+13.00%,8,36.00%,22,+10.00%,14
global_mmlu_full_fr_college_computer_science,21.00%,4,+11.00%,16,32.00%,20,+3.00%,5,29.00%,14,+5.00%,2,36.00%,8,+2.00%,5,41.00%,18,+11.00%,5,61.00%,29,+2.00%,5,60.00%,21,+7.00%,16,35.00%,15,0.00%,0,37.00%,16,+3.00%,3
global_mmlu_full_fr_college_mathematics,23.00%,1,+7.00%,5,28.00%,18,+8.00%,2,32.00%,15,+5.00%,1,26.00%,24,+12.00%,24,32.00%,18,+11.00%,11,46.00%,2,+2.00%,2,52.00%,3,+2.00%,8,35.00%,14,0.00%,0,36.00%,5,+3.00%,7
global_mmlu_full_fr_college_physics,16.67%,5,+16.67%,15,20.59%,22,+6.86%,14,24.51%,13,+5.88%,4,40.20%,21,+2.94%,2,31.37%,18,+6.86%,7,41.18%,4,+3.92%,11,55.88%,21,+4.90%,11,22.55%,8,+5.88%,6,25.49%,7,+3.92%,6
global_mmlu_full_fr_computer_security,29.00%,8,+2.00%,6,40.00%,15,+5.00%,5,41.00%,14,+12.00%,2,61.00%,18,+1.00%,1,57.00%,26,+4.00%,5,75.00%,27,+1.00%,2,74.00%,27,+2.00%,4,39.00%,12,+3.00%,1,50.00%,30,+4.00%,5
global_mmlu_full_fr_conceptual_physics,28.94%,15,+2.98%,3,32.34%,19,+0.43%,1,34.47%,13,+1.70%,3,45.11%,13,+2.98%,5,48.51%,26,+2.98%,6,65.53%,35,+2.98%,10,77.02%,25,+0.43%,1,31.49%,6,+5.11%,4,32.34%,18,+4.26%,16
global_mmlu_full_fr_electrical_engineering,33.10%,11,-2.76%,0,40.00%,18,+3.45%,5,35.86%,15,+2.76%,4,56.55%,16,+1.38%,2,52.41%,25,+2.76%,3,61.38%,28,+2.07%,7,63.45%,29,+2.76%,5,32.41%,14,+4.14%,4,46.90%,24,+4.83%,3
global_mmlu_full_fr_elementary_mathematics,26.19%,8,+1.32%,6,26.72%,11,+2.65%,7,28.31%,15,+1.32%,4,39.68%,23,-0.26%,0,48.68%,25,+2.12%,2,57.14%,27,+2.65%,2,68.78%,25,+2.65%,7,27.25%,15,+2.12%,3,32.80%,16,+1.59%,7
global_mmlu_full_fr_high_school_biology,28.39%,11,0.00%,0,44.84%,25,+1.29%,3,47.74%,14,-0.32%,0,61.29%,21,-0.32%,0,61.29%,18,+3.55%,2,81.61%,27,+1.61%,6,82.90%,2,+2.26%,6,30.97%,12,+5.48%,6,53.23%,19,+1.94%,10
global_mmlu_full_fr_high_school_chemistry,28.08%,16,+2.96%,5,31.53%,20,+1.48%,1,34.48%,15,+5.91%,2,47.78%,18,+2.46%,3,45.32%,17,+3.45%,8,64.53%,27,+2.46%,5,67.00%,2,+1.97%,3,27.59%,12,+3.94%,4,34.48%,22,+4.43%,11
global_mmlu_full_fr_high_school_computer_science,27.00%,8,+7.00%,7,33.00%,16,+5.00%,4,37.00%,14,+2.00%,2,56.00%,13,+4.00%,3,55.00%,25,+4.00%,5,80.00%,25,+3.00%,7,85.00%,29,0.00%,0,37.00%,15,0.00%,0,45.00%,24,+2.00%,5
global_mmlu_full_fr_high_school_mathematics,23.70%,8,+3.33%,10,25.56%,10,+2.22%,5,29.63%,10,+1.85%,2,34.44%,20,+2.96%,6,36.30%,16,+1.48%,2,39.26%,19,+3.33%,8,48.52%,27,+2.59%,8,28.89%,15,+2.22%,2,28.52%,10,+4.81%,15
global_mmlu_full_fr_high_school_physics,21.19%,1,+12.58%,9,31.79%,22,+0.66%,1,27.81%,13,+5.30%,4,35.10%,19,+1.99%,5,45.03%,25,+2.65%,1,46.36%,3,+7.95%,13,59.60%,2,+5.96%,12,27.15%,12,+5.30%,3,37.09%,1,+3.97%,5
global_mmlu_full_fr_high_school_statistics,20.83%,11,+19.91%,7,30.09%,22,+6.94%,5,36.11%,15,+2.31%,1,43.52%,19,+2.78%,6,42.59%,18,+16.67%,7,58.80%,35,+6.94%,7,74.54%,30,+1.85%,5,27.78%,8,+17.13%,3,37.50%,23,+3.24%,5
global_mmlu_full_fr_machine_learning,20.54%,6,+10.71%,15,24.11%,10,+12.50%,16,22.32%,0,+9.82%,12,33.04%,12,+5.36%,8,40.18%,13,+3.57%,2,48.21%,29,+5.36%,3,46.43%,30,+3.57%,5,24.11%,0,+5.36%,7,25.89%,22,+2.68%,11
global_mmlu_full_hi_formal_logic,19.84%,11,+11.90%,14,28.57%,18,+4.76%,12,34.13%,4,-0.79%,0,28.57%,4,+5.56%,10,35.71%,18,+7.14%,8,46.03%,22,+3.17%,6,56.35%,25,+2.38%,6,30.16%,8,+6.35%,3,31.75%,28,+5.56%,4
global_mmlu_full_hi_high_school_european_history,26.67%,14,+2.42%,5,37.58%,20,+3.03%,3,43.03%,14,+0.61%,1,52.12%,18,+3.03%,6,49.09%,27,+1.82%,2,60.00%,29,+1.82%,3,67.88%,22,+1.82%,3,27.27%,9,+1.82%,4,34.55%,19,+2.42%,10
global_mmlu_full_hi_high_school_us_history,24.02%,11,+4.41%,13,31.86%,18,+4.90%,7,36.27%,11,-1.96%,0,49.02%,18,+2.45%,4,39.71%,25,+0.98%,3,54.41%,34,+0.98%,3,65.69%,22,+1.96%,7,32.84%,14,-2.45%,0,27.94%,7,+4.90%,18
global_mmlu_full_hi_high_school_world_history,27.00%,3,+1.69%,6,36.71%,24,+6.75%,7,40.93%,14,0.00%,0,55.27%,16,+2.95%,5,50.21%,16,+1.27%,1,64.56%,27,+0.84%,2,74.68%,28,+0.84%,1,24.47%,0,+3.80%,12,30.38%,16,+2.11%,5
global_mmlu_full_hi_international_law,23.14%,9,+12.40%,14,44.63%,16,+8.26%,5,46.28%,15,+0.83%,1,61.98%,16,+1.65%,3,54.55%,20,+2.48%,5,66.12%,21,+4.96%,5,63.64%,22,+3.31%,9,20.66%,0,+6.61%,11,37.19%,13,+7.44%,9
global_mmlu_full_hi_jurisprudence,27.78%,3,+3.70%,6,34.26%,20,+3.70%,8,37.96%,15,+2.78%,1,54.63%,22,+1.85%,2,42.59%,5,+2.78%,3,47.22%,26,+1.85%,6,55.56%,22,+2.78%,2,19.44%,2,+12.96%,15,37.96%,13,+3.70%,7
global_mmlu_full_hi_logical_fallacies,23.93%,17,+6.13%,5,31.90%,16,+6.13%,2,30.67%,9,+2.45%,2,41.10%,20,+1.23%,1,41.10%,17,+1.23%,1,49.69%,19,+4.91%,3,52.15%,22,+1.84%,5,23.93%,11,+3.68%,9,32.52%,4,+3.07%,7
global_mmlu_full_hi_moral_disputes,25.72%,9,+7.23%,4,35.26%,24,+2.02%,4,37.57%,11,-1.73%,0,43.93%,17,+3.18%,4,40.75%,20,+0.87%,1,50.87%,27,+2.60%,5,52.60%,25,+1.45%,6,28.03%,3,+0.87%,1,33.82%,31,+1.45%,4
global_mmlu_full_hi_moral_scenarios,24.25%,11,+3.02%,7,23.69%,11,+4.36%,20,27.82%,5,+0.89%,1,24.47%,20,+4.02%,17,25.59%,27,+1.01%,6,28.83%,23,+2.35%,11,25.25%,17,+4.69%,23,27.26%,7,0.00%,0,23.13%,28,+4.25%,31
global_mmlu_full_hi_philosophy,27.65%,9,+3.54%,6,35.05%,20,+1.61%,5,37.94%,11,-0.64%,0,41.48%,20,+1.93%,3,38.59%,14,+3.22%,8,43.41%,22,+2.25%,6,58.84%,31,+0.32%,1,27.33%,15,+4.82%,8,34.41%,19,+0.32%,1
global_mmlu_full_hi_prehistory,27.78%,14,-0.93%,0,34.57%,15,0.00%,0,29.32%,11,+1.54%,2,39.81%,23,-0.93%,0,36.11%,24,+0.93%,1,39.51%,26,+4.32%,8,54.01%,29,+0.31%,1,23.15%,9,+5.86%,12,29.01%,27,+1.54%,6
global_mmlu_full_hi_professional_law,24.32%,17,+2.09%,12,27.31%,16,+2.41%,8,31.03%,15,+0.39%,1,33.31%,19,+0.78%,4,33.70%,25,+1.17%,3,35.46%,26,+0.46%,2,37.48%,33,+0.85%,6,26.14%,12,+0.78%,1,29.53%,20,+0.72%,6
global_mmlu_full_hi_world_religions,21.64%,3,+10.53%,15,38.60%,24,+1.75%,2,42.11%,14,-3.51%,0,56.14%,16,+0.58%,2,44.44%,23,+3.51%,3,57.31%,28,+1.17%,2,68.42%,19,+2.92%,4,27.49%,3,+2.34%,4,30.41%,9,+5.85%,12
global_mmlu_full_hi_business_ethics,23.00%,1,+8.00%,13,42.00%,17,+7.00%,5,37.00%,14,0.00%,0,53.00%,17,+2.00%,1,35.00%,17,+6.00%,10,48.00%,28,+5.00%,9,55.00%,22,+4.00%,8,21.00%,14,+13.00%,10,32.00%,9,+7.00%,16
global_mmlu_full_hi_clinical_knowledge,26.42%,11,+4.53%,5,39.62%,19,+1.89%,2,32.83%,15,+4.53%,4,47.92%,20,+1.89%,3,41.51%,24,+3.02%,3,52.45%,35,+1.13%,4,58.11%,22,+3.40%,10,30.57%,9,+2.26%,1,34.34%,28,+4.53%,14
global_mmlu_full_hi_college_medicine,19.08%,11,+13.29%,16,33.53%,22,+4.05%,1,29.48%,14,+3.47%,3,39.88%,26,+4.05%,6,37.57%,18,+2.31%,2,49.71%,26,+3.47%,5,59.54%,33,+3.47%,8,32.95%,8,+1.73%,1,26.01%,10,+5.20%,16
global_mmlu_full_hi_global_facts,34.00%,17,0.00%,0,30.00%,19,+6.00%,7,32.00%,9,+5.00%,3,29.00%,11,+10.00%,20,24.00%,13,+9.00%,15,24.00%,23,+6.00%,11,34.00%,1,+8.00%,13,15.00%,2,+18.00%,16,31.00%,6,+7.00%,9
global_mmlu_full_hi_human_aging,35.43%,13,+4.04%,4,31.84%,17,+6.73%,4,37.22%,15,+2.69%,3,45.29%,23,+3.14%,7,37.22%,20,+3.14%,11,43.50%,14,+4.48%,15,55.16%,21,+1.35%,6,20.63%,2,+16.59%,14,43.05%,24,+2.24%,3
global_mmlu_full_hi_management,29.13%,11,+6.80%,4,31.07%,13,+5.83%,7,34.95%,11,+5.83%,3,54.37%,20,0.00%,0,38.83%,19,+6.80%,4,47.57%,18,+7.77%,16,66.02%,25,0.00%,0,30.10%,8,+7.77%,2,36.89%,28,+3.88%,5
global_mmlu_full_hi_marketing,25.64%,1,+5.56%,11,43.59%,24,+4.70%,6,45.30%,11,+0.43%,1,57.26%,27,+1.28%,4,50.43%,13,+2.99%,3,68.80%,27,+1.28%,5,72.22%,21,+2.14%,10,23.08%,4,+10.68%,14,35.47%,8,+2.56%,7
global_mmlu_full_hi_medical_genetics,22.00%,1,+10.00%,17,36.00%,12,0.00%,0,35.00%,10,+3.00%,2,50.00%,16,0.00%,0,34.00%,13,+11.00%,19,50.00%,18,+2.00%,3,56.00%,20,+6.00%,12,26.00%,0,+7.00%,9,33.00%,8,+8.00%,9
global_mmlu_full_hi_miscellaneous,29.25%,13,+0.64%,2,34.36%,20,+1.28%,4,34.48%,15,+1.92%,3,45.34%,17,+0.89%,2,39.08%,14,+0.64%,3,54.02%,27,+0.13%,1,61.30%,33,+0.64%,8,24.65%,1,+4.98%,13,28.99%,13,+1.02%,9
global_mmlu_full_hi_nutrition,23.86%,14,+5.23%,8,39.87%,20,+2.29%,4,42.81%,14,-0.65%,0,51.63%,20,+3.27%,4,43.46%,24,+1.31%,5,58.82%,27,+1.31%,3,62.75%,22,+3.59%,8,31.37%,7,+3.59%,3,34.97%,31,+0.98%,4
global_mmlu_full_hi_professional_accounting,23.76%,4,+3.90%,9,28.01%,16,+2.13%,3,32.62%,15,+1.06%,1,33.33%,17,+3.19%,6,34.75%,25,+2.13%,3,32.62%,18,+3.55%,18,39.36%,26,+3.19%,3,26.95%,15,+3.55%,3,29.79%,11,+3.55%,13
global_mmlu_full_hi_professional_medicine,19.85%,11,+22.43%,6,27.94%,9,+12.13%,7,25.00%,0,+12.13%,4,33.46%,0,+5.51%,9,26.10%,18,+16.91%,16,44.12%,35,+4.04%,6,56.99%,30,+2.57%,7,41.18%,8,+2.57%,1,24.63%,15,+11.40%,18
global_mmlu_full_hi_virology,30.72%,15,+1.20%,2,36.14%,17,+5.42%,5,37.35%,12,+3.61%,2,39.16%,5,+4.22%,7,34.94%,17,+4.22%,11,39.16%,14,+4.82%,13,46.39%,9,+5.42%,8,19.28%,6,+10.84%,14,31.93%,9,+2.41%,7
global_mmlu_full_hi_econometrics,26.32%,3,+0.88%,3,23.68%,2,+7.02%,13,23.68%,12,+8.77%,9,34.21%,17,+2.63%,3,35.96%,26,+1.75%,1,35.96%,16,+2.63%,7,42.98%,25,+2.63%,6,24.56%,4,+7.02%,5,23.68%,8,+7.02%,14
global_mmlu_full_hi_high_school_geography,22.22%,11,+14.65%,8,38.89%,18,+2.02%,6,36.87%,10,+6.06%,2,51.01%,20,+5.05%,5,38.89%,17,+9.09%,4,56.06%,26,+2.02%,8,68.18%,31,+3.03%,5,27.78%,8,+7.58%,3,30.30%,28,+7.07%,13
global_mmlu_full_hi_high_school_government_and_politics,21.76%,11,+14.51%,7,34.72%,19,+3.63%,7,27.98%,11,+4.66%,5,41.97%,22,-0.52%,0,29.02%,19,+11.40%,10,46.11%,25,+2.59%,4,51.30%,22,+2.59%,5,31.61%,8,+3.11%,2,25.39%,18,+9.84%,15
global_mmlu_full_hi_high_school_macroeconomics,21.28%,11,+13.59%,9,34.87%,21,+2.31%,5,32.05%,14,+3.33%,3,38.21%,24,+2.31%,5,37.18%,25,+1.79%,4,48.21%,35,+2.82%,5,55.38%,31,+2.82%,10,35.64%,13,+2.82%,2,27.44%,28,+5.64%,14
global_mmlu_full_hi_high_school_microeconomics,23.11%,11,+10.92%,8,35.71%,18,+1.68%,5,35.29%,14,+1.68%,2,36.55%,18,+0.84%,4,34.45%,17,+3.78%,8,49.58%,31,+2.10%,4,57.98%,25,+2.94%,8,36.13%,13,+1.26%,2,26.89%,12,+9.24%,21
global_mmlu_full_hi_high_school_psychology,22.75%,11,+8.07%,9,40.37%,18,+0.18%,1,28.07%,15,+3.30%,4,42.57%,20,+2.75%,5,40.55%,25,+0.18%,1,48.81%,35,+2.57%,9,58.35%,22,+1.10%,7,31.93%,8,+3.30%,1,26.24%,15,+4.40%,14
global_mmlu_full_hi_human_sexuality,25.19%,4,+6.87%,10,37.40%,17,+3.82%,4,34.35%,14,+3.82%,2,53.44%,22,+0.76%,1,38.93%,22,+3.82%,7,48.85%,27,+2.29%,7,58.02%,16,+1.53%,3,29.77%,7,+0.76%,1,28.24%,15,+8.40%,14
global_mmlu_full_hi_professional_psychology,25.82%,17,+1.47%,2,29.08%,20,+3.43%,5,31.37%,11,+0.98%,1,39.71%,18,+0.98%,3,33.50%,23,+1.63%,6,41.67%,26,+2.29%,6,49.35%,26,+1.31%,4,26.31%,14,+2.94%,6,28.27%,2,+1.80%,5
global_mmlu_full_hi_public_relations,31.82%,12,+1.82%,3,41.82%,23,+0.91%,1,28.18%,15,+6.36%,3,40.91%,8,+2.73%,2,36.36%,16,+4.55%,9,48.18%,26,+2.73%,3,49.09%,9,+5.45%,12,26.36%,2,+12.73%,11,29.09%,21,+3.64%,12
global_mmlu_full_hi_security_studies,17.55%,11,+18.78%,15,44.90%,18,+2.04%,6,30.61%,14,+4.49%,3,55.10%,19,+1.63%,3,48.98%,22,+3.27%,6,58.78%,27,0.00%,0,66.12%,28,+2.04%,2,25.31%,12,+9.80%,8,34.69%,1,+5.71%,7
global_mmlu_full_hi_sociology,22.39%,12,+5.47%,15,46.27%,15,0.00%,0,38.81%,14,+4.48%,1,53.23%,13,+3.48%,10,47.26%,22,+1.00%,3,60.20%,21,+1.49%,8,66.17%,34,+2.49%,10,27.86%,12,+2.99%,5,30.35%,9,+3.98%,15
global_mmlu_full_hi_us_foreign_policy,23.00%,2,+6.00%,12,51.00%,24,+2.00%,3,54.00%,11,-3.00%,0,61.00%,19,+1.00%,1,57.00%,14,+1.00%,3,57.00%,25,+3.00%,2,65.00%,19,+4.00%,7,23.00%,13,+10.00%,9,39.00%,19,+3.00%,9
global_mmlu_full_hi_abstract_algebra,22.00%,8,+11.00%,9,22.00%,16,+10.00%,20,28.00%,9,+9.00%,3,33.00%,24,+5.00%,9,33.00%,8,+8.00%,7,33.00%,7,+5.00%,13,44.00%,26,+2.00%,3,26.00%,4,+11.00%,8,32.00%,5,+6.00%,7
global_mmlu_full_hi_anatomy,22.96%,9,+9.63%,9,37.78%,20,+2.96%,2,28.15%,11,+2.96%,3,32.59%,11,+5.93%,9,28.15%,11,+8.15%,16,43.70%,25,+4.44%,7,47.41%,31,+2.22%,7,17.78%,10,+8.89%,15,28.15%,6,+5.19%,6
global_mmlu_full_hi_astronomy,21.71%,11,+9.21%,7,28.95%,16,+9.21%,6,35.53%,11,-0.66%,0,39.47%,27,+4.61%,4,36.84%,17,+5.26%,6,60.53%,31,+3.29%,4,67.11%,25,+2.63%,8,30.92%,8,+3.29%,2,37.50%,16,+4.61%,3
global_mmlu_full_hi_college_biology,22.22%,4,+11.11%,17,34.72%,15,-0.69%,0,25.69%,7,+8.33%,11,37.50%,21,+2.08%,6,32.64%,18,+4.86%,8,52.78%,27,+2.78%,2,65.97%,27,+1.39%,2,25.69%,4,+2.08%,3,29.17%,23,+2.08%,3
global_mmlu_full_hi_college_chemistry,19.00%,11,+19.00%,8,35.00%,21,+3.00%,3,24.00%,1,+11.00%,11,35.00%,10,+5.00%,9,33.00%,19,+12.00%,8,42.00%,24,+6.00%,7,47.00%,20,+6.00%,11,35.00%,7,+6.00%,3,32.00%,28,+7.00%,8
global_mmlu_full_hi_college_computer_science,17.00%,1,+20.00%,16,32.00%,22,+2.00%,1,33.00%,7,+1.00%,3,30.00%,15,+9.00%,11,33.00%,17,+8.00%,6,51.00%,20,+5.00%,10,59.00%,35,+4.00%,6,33.00%,13,+2.00%,1,33.00%,19,+8.00%,9
global_mmlu_full_hi_college_mathematics,24.00%,9,+10.00%,7,28.00%,16,+2.00%,3,35.00%,14,-2.00%,0,24.00%,10,+12.00%,26,32.00%,17,+8.00%,12,43.00%,18,+4.00%,7,47.00%,22,+6.00%,5,34.00%,13,+4.00%,3,36.00%,9,+3.00%,3
global_mmlu_full_hi_college_physics,18.63%,11,+18.63%,12,17.65%,2,+10.78%,18,27.45%,10,+1.96%,4,25.49%,1,+9.80%,15,31.37%,18,+6.86%,9,38.24%,24,+3.92%,11,51.96%,29,+0.98%,1,31.37%,8,+4.90%,2,23.53%,14,+7.84%,12
global_mmlu_full_hi_computer_security,30.00%,14,+4.00%,3,36.00%,17,+15.00%,10,38.00%,11,-1.00%,0,49.00%,15,+2.00%,3,50.00%,21,+1.00%,2,61.00%,25,+1.00%,3,63.00%,29,+3.00%,3,19.00%,4,+9.00%,12,39.00%,19,+4.00%,1
global_mmlu_full_hi_conceptual_physics,30.64%,14,+1.70%,4,33.62%,19,+1.70%,1,27.66%,10,+3.83%,6,34.04%,26,+3.83%,8,43.40%,25,+1.28%,2,59.57%,35,+3.83%,5,65.96%,34,+2.55%,10,24.68%,11,+11.91%,14,27.23%,18,+5.11%,24
global_mmlu_full_hi_electrical_engineering,26.90%,17,+4.83%,4,35.86%,18,+6.21%,9,31.03%,11,+5.52%,5,46.90%,18,+3.45%,3,50.34%,22,+1.38%,1,59.31%,31,+4.14%,4,64.83%,27,+5.52%,9,25.52%,12,+14.48%,9,26.21%,10,+8.28%,24
global_mmlu_full_hi_elementary_mathematics,25.40%,11,+1.32%,4,25.40%,11,+4.50%,7,31.22%,11,-0.79%,0,35.19%,17,+1.32%,4,41.27%,25,-0.26%,0,53.70%,26,+2.12%,8,64.02%,28,+1.59%,6,30.42%,13,-1.32%,0,27.51%,11,+4.50%,16
global_mmlu_full_hi_high_school_biology,25.16%,11,+6.13%,8,37.74%,15,+2.58%,2,33.23%,15,+2.90%,2,47.74%,20,+1.94%,2,43.55%,26,+2.58%,4,60.65%,27,+0.97%,4,70.97%,28,+0.65%,1,28.71%,8,+1.94%,3,31.29%,12,+3.23%,12
global_mmlu_full_hi_high_school_chemistry,27.59%,17,+4.43%,6,28.57%,11,+0.49%,1,26.60%,15,+7.88%,8,37.93%,13,+4.93%,7,40.89%,25,+2.96%,8,57.14%,28,+1.48%,2,65.02%,27,0.00%,0,27.59%,13,+5.91%,10,26.60%,10,+7.39%,22
global_mmlu_full_hi_high_school_computer_science,20.00%,3,+16.00%,12,34.00%,23,+3.00%,4,36.00%,11,+4.00%,1,39.00%,17,+5.00%,9,53.00%,16,+2.00%,5,75.00%,26,+3.00%,5,86.00%,28,+3.00%,9,23.00%,4,+7.00%,8,27.00%,24,+7.00%,13
global_mmlu_full_hi_high_school_mathematics,25.19%,11,+3.70%,3,22.96%,20,+3.33%,8,30.00%,15,0.00%,0,29.63%,10,+5.93%,12,34.81%,20,+2.96%,3,37.78%,15,+4.81%,10,47.41%,26,+2.59%,9,28.15%,1,+2.96%,1,28.52%,12,+3.33%,16
global_mmlu_full_hi_high_school_physics,19.87%,11,+15.23%,11,25.17%,2,+5.30%,6,26.49%,11,+5.96%,2,30.46%,5,+3.97%,10,25.83%,18,+7.95%,8,43.71%,31,+1.99%,5,57.62%,28,+0.66%,1,29.14%,8,+5.96%,2,27.81%,6,+7.95%,10
global_mmlu_full_hi_high_school_statistics,16.67%,11,+23.61%,11,30.09%,22,+9.26%,2,31.94%,15,+2.31%,2,31.94%,0,+5.56%,9,32.41%,18,+11.11%,4,49.54%,24,+2.78%,5,61.57%,33,+1.39%,2,33.33%,8,+11.11%,1,30.09%,18,+10.19%,15
global_mmlu_full_hi_machine_learning,27.68%,6,+4.46%,12,27.68%,10,+11.61%,13,24.11%,14,+11.61%,11,30.36%,13,+7.14%,13,39.29%,15,+2.68%,7,39.29%,29,+5.36%,13,49.11%,29,+0.89%,3,17.86%,0,+21.43%,14,22.32%,18,+6.25%,19
global_mmlu_full_id_formal_logic,18.25%,1,+16.67%,15,30.16%,22,+5.56%,9,26.98%,13,+9.52%,9,29.37%,26,+9.52%,12,38.10%,18,+7.14%,11,54.76%,8,+0.79%,3,61.11%,35,+2.38%,2,28.57%,8,+3.17%,2,36.51%,22,+3.17%,4
global_mmlu_full_id_high_school_european_history,25.45%,8,+6.06%,6,47.27%,15,+3.03%,5,48.48%,14,+1.82%,1,61.82%,19,+1.21%,4,61.21%,23,-0.61%,0,67.88%,31,+1.82%,6,74.55%,34,+2.42%,10,38.18%,14,+2.42%,1,56.97%,24,+1.82%,6
global_mmlu_full_id_high_school_us_history,19.61%,2,+7.84%,18,37.25%,24,+2.94%,7,40.69%,11,+3.92%,2,58.33%,18,+3.43%,6,50.00%,25,+2.45%,4,70.59%,29,+0.49%,1,76.96%,33,+1.47%,1,30.88%,11,+2.45%,4,49.02%,25,+1.96%,9
global_mmlu_full_id_high_school_world_history,26.16%,9,+3.38%,8,42.19%,15,+5.91%,6,52.74%,15,+1.27%,1,66.24%,19,0.00%,0,63.71%,25,+0.84%,2,72.57%,31,+2.11%,5,74.26%,34,+2.11%,7,34.60%,12,+5.91%,3,56.96%,25,+2.95%,7
global_mmlu_full_id_international_law,21.49%,9,+18.18%,14,48.76%,20,+2.48%,5,54.55%,11,+1.65%,1,66.12%,18,+2.48%,1,58.68%,23,+1.65%,2,69.42%,27,+0.83%,1,71.07%,7,+4.96%,4,33.88%,11,+0.83%,2,58.68%,4,+3.31%,2
global_mmlu_full_id_jurisprudence,25.93%,16,+3.70%,6,39.81%,15,+4.63%,4,50.93%,15,-2.78%,0,60.19%,19,+1.85%,3,49.07%,21,+0.93%,1,55.56%,25,+4.63%,17,65.74%,10,+3.70%,12,34.26%,14,+1.85%,2,49.07%,30,+5.56%,15
global_mmlu_full_id_logical_fallacies,26.38%,3,+4.91%,5,34.36%,19,+3.68%,7,34.36%,14,-0.61%,0,42.33%,6,+3.07%,4,42.33%,17,+2.45%,1,60.12%,25,+1.23%,3,62.58%,34,+2.45%,6,28.22%,8,+3.07%,3,29.45%,3,+6.13%,20
global_mmlu_full_id_moral_disputes,30.06%,9,+0.87%,1,35.26%,17,+5.49%,8,37.28%,14,-1.73%,0,45.95%,27,+1.16%,1,47.98%,23,+1.45%,5,55.20%,25,+0.29%,2,61.85%,27,+2.02%,6,32.66%,12,+1.16%,3,45.95%,21,+0.58%,4
global_mmlu_full_id_moral_scenarios,24.47%,11,+2.79%,9,27.04%,1,+1.45%,4,25.14%,11,+4.80%,6,37.65%,22,+0.22%,1,24.58%,7,+4.02%,14,36.65%,32,+0.56%,2,31.84%,9,+7.60%,17,27.37%,0,+0.11%,1,26.82%,16,+1.34%,4
global_mmlu_full_id_philosophy,31.51%,17,0.00%,0,41.48%,23,0.00%,0,38.91%,15,+0.96%,1,50.48%,21,+1.61%,6,48.87%,23,+0.64%,2,62.70%,28,+0.96%,3,65.27%,21,+0.96%,3,32.48%,12,+1.29%,1,48.55%,19,+0.96%,8
global_mmlu_full_id_prehistory,26.54%,8,+3.70%,5,41.36%,25,+0.62%,2,43.21%,15,-0.31%,0,52.47%,18,+3.40%,4,49.07%,25,+1.23%,2,58.64%,30,+1.85%,8,68.52%,30,+0.93%,9,33.95%,11,+3.70%,3,49.38%,28,+1.23%,1
global_mmlu_full_id_professional_law,24.19%,3,+1.43%,9,29.60%,22,+1.24%,4,30.25%,11,+1.11%,1,34.29%,16,+0.13%,2,33.70%,20,+0.20%,2,39.44%,26,+0.72%,5,40.68%,34,+0.26%,3,27.84%,12,+0.72%,3,31.36%,19,+1.76%,10
global_mmlu_full_id_world_religions,25.73%,4,+10.53%,8,42.11%,21,+2.92%,8,42.11%,11,+4.68%,2,59.06%,21,+2.92%,9,56.73%,23,+1.75%,3,65.50%,22,+2.34%,6,76.61%,33,+0.58%,1,35.09%,15,+4.68%,4,57.89%,23,+0.58%,1
global_mmlu_full_id_business_ethics,27.00%,10,+6.00%,6,30.00%,17,+5.00%,9,45.00%,14,0.00%,0,57.00%,19,0.00%,0,50.00%,22,+5.00%,5,65.00%,25,+1.00%,1,66.00%,26,+3.00%,7,30.00%,14,+4.00%,4,45.00%,20,+2.00%,5
global_mmlu_full_id_clinical_knowledge,25.28%,11,+4.53%,5,43.02%,21,+1.51%,1,39.62%,14,0.00%,0,53.21%,24,+2.26%,7,58.11%,26,+1.13%,2,66.42%,25,+0.75%,4,71.32%,22,+2.64%,4,37.74%,15,-1.51%,0,41.13%,22,+3.40%,9
global_mmlu_full_id_college_medicine,22.54%,11,+10.40%,10,41.62%,15,+0.58%,2,28.90%,13,+2.89%,6,49.13%,19,+1.73%,3,52.60%,25,+1.73%,2,63.01%,25,+1.73%,6,68.79%,22,+2.31%,8,27.17%,12,+6.36%,3,34.10%,19,+5.20%,10
global_mmlu_full_id_global_facts,20.00%,8,+14.00%,7,24.00%,11,+10.00%,11,32.00%,8,+2.00%,3,30.00%,25,+11.00%,21,27.00%,13,+7.00%,11,27.00%,4,+5.00%,8,29.00%,15,+9.00%,21,30.00%,6,+2.00%,5,26.00%,8,+9.00%,20
global_mmlu_full_id_human_aging,28.70%,2,+5.38%,9,38.12%,15,+3.14%,6,43.05%,14,+1.35%,1,48.43%,12,+1.79%,5,51.57%,16,+4.04%,6,56.95%,26,+2.24%,7,65.47%,34,+0.90%,1,40.81%,11,+0.90%,1,51.12%,30,0.00%,0
global_mmlu_full_id_management,24.27%,11,+12.62%,5,46.60%,15,+1.94%,2,48.54%,11,-0.97%,0,65.05%,19,+0.97%,1,58.25%,18,+4.85%,5,75.73%,27,+1.94%,7,76.70%,20,+2.91%,5,25.24%,8,+7.77%,5,54.37%,20,+1.94%,6
global_mmlu_full_id_marketing,31.62%,4,-1.28%,0,46.58%,24,+2.14%,6,52.14%,15,-0.85%,0,66.24%,22,+2.99%,4,70.94%,24,+0.85%,1,83.76%,34,0.00%,0,83.76%,22,+1.28%,6,35.04%,14,+4.27%,2,54.27%,15,+0.43%,3
global_mmlu_full_id_medical_genetics,26.00%,0,+5.00%,8,45.00%,23,-1.00%,0,42.00%,11,+4.00%,1,64.00%,15,0.00%,0,57.00%,25,+3.00%,5,70.00%,21,+3.00%,1,76.00%,27,+3.00%,8,39.00%,11,-2.00%,0,44.00%,28,+6.00%,6
global_mmlu_full_id_miscellaneous,28.48%,16,+0.38%,1,44.06%,20,+2.04%,6,51.98%,15,+0.38%,1,62.71%,16,+0.77%,5,58.24%,24,+0.26%,1,69.48%,26,+0.89%,4,74.33%,26,+1.02%,8,36.14%,11,+0.38%,3,54.28%,25,+1.40%,3
global_mmlu_full_id_nutrition,23.20%,11,+5.88%,11,42.81%,18,+1.96%,7,50.98%,11,-0.65%,0,56.21%,22,+2.94%,4,53.92%,26,+1.96%,3,65.03%,35,+2.29%,3,71.57%,34,+2.61%,12,38.24%,14,+1.96%,3,46.73%,19,+2.94%,10
global_mmlu_full_id_professional_accounting,18.44%,10,+8.16%,17,28.72%,16,+1.77%,3,29.79%,7,+2.84%,4,39.36%,20,+2.48%,9,34.75%,16,+3.19%,7,42.20%,26,+1.77%,1,47.87%,22,+1.06%,5,30.50%,12,+0.71%,1,31.56%,17,+3.90%,7
global_mmlu_full_id_professional_medicine,20.96%,11,+23.16%,5,32.72%,9,+6.99%,3,33.09%,13,+6.25%,2,43.38%,20,+2.57%,4,38.97%,18,+8.82%,7,66.18%,30,+0.74%,3,73.16%,30,+0.37%,1,22.06%,12,+9.93%,7,36.03%,19,+6.62%,10
global_mmlu_full_id_virology,31.93%,14,+4.22%,3,38.55%,17,+1.81%,3,40.96%,12,+1.81%,1,47.59%,12,+0.60%,3,44.58%,18,+4.82%,12,43.37%,2,+4.82%,12,55.42%,29,+1.20%,6,31.93%,12,+5.42%,7,41.57%,4,+1.20%,5
global_mmlu_full_id_econometrics,22.81%,2,+5.26%,9,19.30%,2,+9.65%,19,22.81%,1,+9.65%,11,32.46%,15,+3.51%,5,41.23%,20,+2.63%,2,50.88%,22,+3.51%,5,52.63%,22,+3.51%,9,20.18%,8,+13.16%,12,26.32%,18,+6.14%,14
global_mmlu_full_id_high_school_geography,20.71%,11,+9.09%,10,48.99%,19,+0.51%,2,49.49%,15,-1.52%,0,58.08%,17,+2.53%,8,57.07%,26,+1.52%,3,70.71%,20,+0.51%,3,78.79%,26,+1.52%,2,26.26%,12,+5.05%,4,38.38%,22,+6.57%,9
global_mmlu_full_id_high_school_government_and_politics,22.28%,11,+13.99%,7,44.04%,18,+2.07%,3,34.20%,11,+3.63%,3,50.26%,18,0.00%,0,47.67%,18,+1.04%,2,61.66%,31,+3.11%,4,66.84%,33,+2.07%,10,32.12%,8,+5.70%,2,38.34%,19,+4.66%,10
global_mmlu_full_id_high_school_macroeconomics,21.54%,11,+14.87%,8,38.46%,15,+2.31%,4,33.08%,13,+4.10%,3,46.67%,21,+0.26%,2,43.08%,26,+4.62%,8,62.82%,28,+0.51%,1,72.31%,26,+0.26%,1,30.51%,12,+3.08%,4,34.62%,19,+2.05%,8
global_mmlu_full_id_high_school_microeconomics,25.21%,11,+9.66%,3,44.12%,15,+0.84%,3,39.92%,15,0.00%,0,47.48%,23,+2.52%,8,50.42%,26,+5.04%,4,69.33%,34,+1.68%,6,79.41%,28,+1.68%,5,35.29%,12,+3.78%,3,36.55%,28,+3.78%,7
global_mmlu_full_id_high_school_psychology,24.95%,11,+6.79%,3,46.24%,19,+1.28%,2,41.10%,11,0.00%,0,59.27%,18,+1.10%,6,58.72%,26,+1.47%,1,78.35%,27,+0.37%,1,82.57%,35,+0.37%,2,32.48%,12,+0.73%,3,42.57%,15,+4.04%,14
global_mmlu_full_id_human_sexuality,25.95%,1,+3.05%,5,41.22%,25,+1.53%,2,48.09%,11,+1.53%,1,53.44%,22,+1.53%,2,51.91%,24,+2.29%,4,62.60%,16,+3.82%,11,71.76%,26,+3.05%,8,38.17%,15,+3.05%,2,51.15%,31,+1.53%,4
global_mmlu_full_id_professional_psychology,27.12%,9,+1.80%,2,33.99%,18,+1.31%,4,33.50%,14,+0.98%,1,43.30%,24,+2.94%,9,44.28%,16,-0.33%,0,58.17%,25,+1.31%,6,62.58%,28,+0.65%,2,30.07%,15,+1.14%,2,36.27%,19,+1.63%,9
global_mmlu_full_id_public_relations,30.91%,16,+5.45%,4,40.91%,19,+0.91%,2,47.27%,15,-3.64%,0,47.27%,13,+3.64%,8,49.09%,16,+1.82%,2,49.09%,34,+6.36%,19,60.00%,22,+4.55%,9,30.00%,12,+6.36%,12,46.36%,15,+4.55%,4
global_mmlu_full_id_security_studies,24.90%,11,+12.65%,5,44.08%,20,+1.63%,7,42.45%,11,+2.04%,2,61.63%,19,+0.82%,2,49.80%,26,+4.90%,3,64.49%,25,+4.49%,10,70.20%,28,+3.67%,4,37.14%,12,+5.31%,4,57.96%,25,+0.82%,1
global_mmlu_full_id_sociology,26.87%,14,+4.48%,5,50.25%,19,0.00%,0,49.75%,11,+1.00%,2,66.67%,22,+0.50%,2,59.70%,26,+3.48%,5,72.14%,35,+1.99%,3,78.11%,35,+0.50%,1,36.32%,15,+4.48%,4,62.69%,28,+0.50%,1
global_mmlu_full_id_us_foreign_policy,27.00%,14,+4.00%,7,57.00%,19,+2.00%,1,49.00%,15,-2.00%,0,68.00%,19,+2.00%,3,62.00%,24,+2.00%,2,75.00%,32,+3.00%,6,80.00%,22,+4.00%,5,44.00%,12,0.00%,0,59.00%,9,+5.00%,8
global_mmlu_full_id_abstract_algebra,17.00%,8,+16.00%,16,29.00%,10,+3.00%,3,27.00%,5,+5.00%,4,29.00%,2,+11.00%,5,35.00%,6,+4.00%,4,37.00%,2,+4.00%,12,42.00%,11,+6.00%,11,27.00%,11,+8.00%,6,,,,
global_mmlu_full_id_anatomy,26.67%,3,+5.19%,4,32.59%,16,+4.44%,7,45.93%,11,-2.96%,0,41.48%,27,+7.41%,11,44.44%,27,+1.48%,1,51.85%,25,+4.44%,15,57.78%,31,+2.96%,10,30.37%,14,+2.96%,2,,,,
global_mmlu_full_id_astronomy,19.08%,5,+11.84%,11,34.87%,19,+4.61%,4,40.13%,15,+2.63%,3,52.63%,22,+3.95%,6,53.29%,18,+3.29%,5,71.71%,26,+1.97%,5,76.97%,18,+1.32%,7,25.66%,8,+5.92%,5,,,,
global_mmlu_full_id_college_biology,22.22%,9,+8.33%,18,38.19%,21,0.00%,0,33.33%,14,+2.78%,2,53.47%,22,+1.39%,2,47.92%,26,+5.56%,4,68.06%,26,+1.39%,6,76.39%,35,+0.69%,1,30.56%,14,+0.69%,1,,,,
global_mmlu_full_id_college_chemistry,21.00%,5,+17.00%,7,34.00%,21,-1.00%,0,27.00%,13,+10.00%,5,38.00%,18,+7.00%,9,37.00%,18,+4.00%,7,50.00%,20,+4.00%,10,57.00%,17,+2.00%,4,29.00%,12,+5.00%,4,,,,
global_mmlu_full_id_college_computer_science,21.00%,5,+12.00%,14,34.00%,1,+1.00%,1,35.00%,11,+3.00%,2,41.00%,22,+3.00%,4,37.00%,25,+9.00%,10,57.00%,19,+5.00%,11,65.00%,28,+1.00%,3,29.00%,15,+4.00%,3,,,,
global_mmlu_full_id_college_mathematics,23.00%,9,+7.00%,9,32.00%,22,+1.00%,3,31.00%,11,+2.00%,3,30.00%,12,+6.00%,5,35.00%,25,+3.00%,5,45.00%,30,+1.00%,2,45.00%,4,+4.00%,8,29.00%,14,+6.00%,6,,,,
global_mmlu_full_id_college_physics,13.73%,11,+19.61%,18,22.55%,1,+5.88%,17,25.49%,11,+5.88%,6,33.33%,18,+4.90%,8,29.41%,14,+13.73%,16,45.10%,24,+8.82%,7,59.80%,21,0.00%,0,29.41%,4,+3.92%,3,,,,
global_mmlu_full_id_computer_security,28.00%,17,+5.00%,5,44.00%,20,+5.00%,5,47.00%,11,+2.00%,2,62.00%,17,+1.00%,5,62.00%,23,+2.00%,2,77.00%,7,+2.00%,4,77.00%,15,+4.00%,4,28.00%,0,+5.00%,3,,,,
global_mmlu_full_id_conceptual_physics,29.36%,13,+4.26%,4,36.60%,15,+0.85%,2,34.89%,12,+0.43%,1,42.98%,21,+0.85%,2,52.34%,24,0.00%,0,65.96%,26,+1.70%,8,69.36%,25,+2.55%,11,34.89%,14,+2.55%,2,,,,
global_mmlu_full_id_electrical_engineering,28.28%,17,+4.14%,3,38.62%,17,+4.14%,8,35.86%,11,+6.21%,3,55.17%,22,+2.07%,2,52.41%,20,+4.14%,3,60.69%,28,+2.76%,7,62.76%,27,+4.14%,11,38.62%,11,+2.07%,2,,,,
global_mmlu_full_id_elementary_mathematics,21.69%,9,+8.47%,11,28.31%,11,+2.12%,3,27.78%,11,+2.12%,3,36.77%,22,+2.91%,2,47.62%,26,+2.91%,4,61.11%,27,+1.32%,4,68.25%,34,+1.06%,3,30.95%,14,+0.26%,1,,,,
global_mmlu_full_id_high_school_biology,25.16%,11,+6.45%,7,44.19%,22,+2.26%,3,41.29%,11,+1.94%,3,55.16%,22,+2.90%,7,60.32%,24,+1.61%,4,77.42%,27,+1.29%,6,84.52%,25,+1.94%,9,34.19%,12,+2.90%,1,,,,
global_mmlu_full_id_high_school_chemistry,26.11%,3,+2.96%,6,31.03%,20,+1.48%,1,35.96%,15,+4.93%,2,47.78%,18,+0.99%,1,49.26%,26,+2.46%,3,65.52%,25,+0.99%,2,65.52%,34,+4.43%,7,27.59%,12,+6.40%,9,,,,
global_mmlu_full_id_high_school_computer_science,25.00%,17,+7.00%,8,33.00%,20,+11.00%,7,36.00%,11,+10.00%,3,59.00%,18,+1.00%,1,58.00%,25,+5.00%,6,78.00%,25,+1.00%,3,82.00%,2,+3.00%,5,37.00%,11,0.00%,0,,,,
global_mmlu_full_id_high_school_mathematics,20.00%,11,+9.26%,16,25.93%,11,+0.37%,1,28.52%,7,+4.07%,4,34.07%,18,+0.74%,1,37.04%,16,+2.22%,7,37.78%,19,+5.56%,20,48.15%,2,+3.70%,10,26.30%,8,+4.07%,6,,,,
global_mmlu_full_id_high_school_physics,17.22%,5,+15.89%,14,29.80%,22,+1.32%,1,26.49%,15,+5.30%,6,29.80%,5,+5.30%,9,38.41%,25,+2.65%,6,55.63%,27,+2.65%,4,58.94%,2,+2.65%,9,25.17%,8,+8.61%,5,,,,
global_mmlu_full_id_high_school_statistics,16.67%,11,+28.24%,11,30.09%,22,+8.80%,4,30.09%,13,+7.87%,4,37.96%,26,+3.70%,7,43.98%,18,+10.65%,4,61.57%,27,+1.85%,3,70.37%,33,+1.85%,6,29.17%,8,+14.35%,4,,,,
global_mmlu_full_id_machine_learning,27.68%,7,+4.46%,7,29.46%,17,+5.36%,9,29.46%,3,+3.57%,4,27.68%,12,+13.39%,15,36.61%,22,+5.36%,4,46.43%,27,+1.79%,6,43.75%,25,+4.46%,12,25.00%,14,+5.36%,7,,,,
global_mmlu_full_ja_formal_logic,16.67%,4,+15.08%,17,32.54%,2,+3.17%,4,31.75%,0,+3.97%,1,23.81%,1,+5.56%,19,39.68%,18,+6.35%,6,50.00%,19,+5.56%,18,55.56%,33,+5.56%,10,27.78%,12,+7.14%,2,,,,
global_mmlu_full_ja_high_school_european_history,27.27%,8,+3.03%,3,40.00%,20,+4.85%,5,42.42%,14,+3.64%,1,63.64%,22,0.00%,0,58.18%,23,+0.61%,1,69.70%,25,+1.82%,9,70.30%,33,+1.21%,5,27.88%,4,+2.42%,4,,,,
global_mmlu_full_ja_high_school_us_history,23.53%,1,+4.90%,17,37.25%,20,+2.45%,4,35.29%,11,+2.94%,1,50.49%,19,0.00%,0,45.10%,22,+1.47%,1,65.20%,26,0.00%,0,72.55%,29,+3.43%,6,27.94%,12,+3.43%,1,,,,
global_mmlu_full_ja_high_school_world_history,25.74%,3,+3.38%,9,43.88%,18,+4.22%,2,40.93%,11,+0.84%,1,61.60%,21,+0.42%,1,64.14%,23,+1.69%,1,73.84%,31,+0.42%,1,79.75%,35,+0.84%,1,31.22%,14,-0.42%,0,,,,
global_mmlu_full_ja_international_law,29.75%,9,+7.44%,2,55.37%,20,0.00%,0,59.50%,11,-2.48%,0,63.64%,21,+2.48%,4,62.81%,26,+1.65%,3,65.29%,10,+6.61%,14,74.38%,35,+2.48%,3,41.32%,11,+4.13%,3,,,,
global_mmlu_full_ja_jurisprudence,22.22%,12,+8.33%,13,31.48%,15,+3.70%,7,45.37%,15,+2.78%,1,56.48%,19,+0.93%,2,45.37%,14,+5.56%,8,56.48%,7,+4.63%,14,63.89%,22,+6.48%,4,34.26%,15,+5.56%,4,,,,
global_mmlu_full_ja_logical_fallacies,25.15%,8,+1.84%,2,34.97%,11,+3.68%,3,39.26%,11,+0.61%,1,47.24%,18,+1.84%,4,42.94%,20,+1.23%,2,55.83%,35,+1.84%,4,62.58%,28,+3.07%,6,31.29%,2,+0.61%,2,,,,
global_mmlu_full_ja_moral_disputes,28.32%,17,+3.18%,1,40.17%,24,+0.58%,3,35.84%,11,+4.05%,2,50.00%,21,+3.18%,1,45.38%,16,+4.91%,6,56.07%,28,+1.45%,5,57.51%,29,+4.05%,10,31.21%,15,+1.45%,3,,,,
global_mmlu_full_ja_moral_scenarios,24.25%,11,+3.02%,7,27.04%,24,+0.56%,5,23.91%,11,+4.58%,12,30.17%,17,+1.79%,3,24.25%,0,+1.01%,9,28.27%,29,+6.59%,15,28.27%,20,+11.17%,23,22.79%,3,+1.68%,16,,,,
global_mmlu_full_ja_philosophy,28.94%,8,+3.22%,2,38.26%,15,+1.29%,3,40.51%,11,-0.32%,0,46.30%,17,+1.61%,6,44.05%,26,+4.50%,3,51.45%,35,+1.29%,1,57.23%,28,+1.93%,2,25.72%,12,+6.43%,8,,,,
global_mmlu_full_ja_prehistory,23.46%,8,+4.32%,8,35.49%,20,+3.09%,2,36.11%,11,+1.23%,2,45.37%,20,+2.47%,4,47.53%,26,+0.93%,1,54.01%,31,+2.47%,8,68.52%,35,-0.31%,0,27.16%,12,+7.41%,3,,,,
global_mmlu_full_ja_professional_law,24.84%,1,+1.24%,8,27.18%,18,+1.50%,6,29.14%,11,+0.59%,2,33.31%,8,+0.33%,2,35.66%,25,-0.13%,0,40.22%,29,+0.59%,1,41.79%,28,+0.39%,5,28.23%,15,+0.72%,3,,,,
global_mmlu_full_ja_world_religions,29.24%,3,+8.77%,9,33.33%,17,+5.85%,7,30.41%,14,+8.77%,4,50.88%,17,+1.17%,1,47.95%,25,+1.75%,1,63.16%,28,+2.92%,7,66.67%,23,+2.34%,13,28.65%,14,+1.75%,3,,,,
global_mmlu_full_ja_business_ethics,20.00%,12,+11.00%,14,45.00%,17,+1.00%,2,43.00%,11,+1.00%,1,52.00%,12,+4.00%,6,57.00%,23,-1.00%,0,61.00%,11,+1.00%,9,66.00%,2,+1.00%,1,26.00%,14,+14.00%,11,,,,
global_mmlu_full_ja_clinical_knowledge,27.55%,5,+2.64%,4,40.38%,21,+1.51%,2,40.00%,15,+1.89%,2,46.04%,19,+2.64%,5,52.45%,26,+1.13%,1,64.15%,28,+2.64%,9,72.08%,28,+0.75%,3,30.94%,7,+2.26%,1,,,,
global_mmlu_full_ja_college_medicine,21.97%,11,+10.40%,6,36.42%,21,+2.89%,2,34.68%,14,+0.58%,1,39.31%,17,+4.62%,8,43.93%,26,+1.16%,1,57.23%,19,+2.89%,9,70.52%,31,+0.58%,1,27.75%,7,+2.31%,5,,,,
global_mmlu_full_ja_global_facts,22.00%,8,+11.00%,6,24.00%,16,+12.00%,9,34.00%,12,+3.00%,3,34.00%,15,+4.00%,5,32.00%,21,+7.00%,5,34.00%,23,+4.00%,8,36.00%,9,+6.00%,13,27.00%,4,+8.00%,10,,,,
global_mmlu_full_ja_human_aging,30.04%,15,+5.38%,9,34.08%,17,+5.83%,7,31.84%,9,+8.52%,7,43.05%,16,+3.59%,4,45.29%,20,+0.90%,1,51.57%,29,+3.14%,11,58.30%,21,+2.69%,2,34.08%,5,+4.04%,10,,,,
global_mmlu_full_ja_management,20.39%,11,+13.59%,7,42.72%,15,+4.85%,2,38.83%,12,+1.94%,4,57.28%,20,+3.88%,4,57.28%,18,+4.85%,3,72.82%,7,+0.97%,7,78.64%,20,+3.88%,10,23.30%,4,+6.80%,12,,,,
global_mmlu_full_ja_marketing,23.08%,3,+9.83%,15,47.86%,15,+2.14%,3,50.43%,15,-2.14%,0,68.80%,21,+2.14%,1,65.81%,16,+3.42%,12,79.91%,2,+0.43%,4,82.91%,26,+1.28%,8,39.32%,14,-1.71%,0,,,,
global_mmlu_full_ja_medical_genetics,31.00%,2,+2.00%,1,47.00%,25,+2.00%,1,42.00%,15,-2.00%,0,52.00%,18,+3.00%,5,43.00%,26,+3.00%,10,62.00%,26,+4.00%,8,71.00%,35,+1.00%,1,32.00%,14,+4.00%,2,,,,
global_mmlu_full_ja_miscellaneous,26.56%,16,+2.30%,3,40.36%,20,+2.17%,3,41.76%,11,-0.38%,0,51.09%,18,+1.02%,6,47.89%,24,+2.17%,3,61.69%,31,+0.64%,2,69.60%,25,+0.64%,5,31.03%,12,-0.13%,0,,,,
global_mmlu_full_ja_nutrition,23.53%,5,+6.86%,9,43.14%,21,+1.31%,6,45.75%,15,-0.65%,0,55.23%,21,-0.33%,0,50.98%,18,+2.29%,5,66.34%,25,+1.63%,5,70.59%,20,+0.98%,6,29.74%,12,+5.56%,3,,,,
global_mmlu_full_ja_professional_accounting,20.21%,9,+7.45%,17,28.72%,16,+1.77%,3,30.85%,2,-0.35%,0,36.52%,17,+1.77%,4,37.94%,27,+1.06%,3,42.91%,35,+1.77%,1,47.87%,22,+1.77%,5,25.89%,12,+1.42%,7,,,,
global_mmlu_full_ja_professional_medicine,23.53%,11,+19.49%,3,25.00%,13,+16.91%,5,27.57%,13,+8.82%,3,35.29%,0,+8.09%,8,41.54%,18,+8.46%,4,57.35%,20,+1.10%,2,72.43%,30,+1.47%,4,20.22%,8,+17.65%,9,,,,
global_mmlu_full_ja_virology,28.31%,12,+3.01%,3,37.95%,17,+3.01%,5,40.36%,11,0.00%,0,44.58%,15,+1.20%,6,40.36%,15,+6.63%,10,46.39%,17,+3.61%,11,50.60%,15,+3.01%,8,31.33%,14,+2.41%,6,,,,
global_mmlu_full_ja_econometrics,27.19%,14,+0.88%,1,21.93%,12,+7.02%,17,22.81%,13,+7.02%,15,31.58%,13,+2.63%,5,39.47%,16,+0.88%,1,39.47%,22,+6.14%,12,57.89%,27,0.00%,0,19.30%,9,+8.77%,11,23.68%,3,+5.26%,21
global_mmlu_full_ja_high_school_geography,24.75%,11,+8.59%,9,48.99%,21,+1.52%,1,39.90%,15,+2.02%,1,55.05%,20,+3.54%,6,51.52%,26,+2.02%,1,65.66%,7,+4.55%,13,78.79%,27,+2.02%,5,20.20%,11,+5.56%,14,37.88%,28,+4.04%,8
global_mmlu_full_ja_high_school_government_and_politics,23.83%,11,+13.47%,6,39.90%,18,+6.74%,4,40.41%,15,+1.04%,1,47.15%,22,0.00%,0,51.30%,23,0.00%,0,61.66%,26,+3.63%,4,75.13%,29,+1.55%,3,24.35%,8,+8.29%,4,31.61%,3,+3.63%,10
global_mmlu_full_ja_high_school_macroeconomics,22.82%,11,+13.33%,4,35.64%,19,+4.36%,6,35.90%,15,+0.26%,1,39.74%,18,+2.31%,5,42.31%,26,+3.33%,6,59.23%,35,+1.03%,2,67.95%,22,+1.28%,5,25.38%,8,+7.69%,5,32.05%,31,+2.31%,9
global_mmlu_full_ja_high_school_microeconomics,20.17%,11,+15.13%,16,39.08%,22,+0.42%,1,37.39%,15,+4.20%,2,38.24%,5,+2.10%,5,42.86%,26,+6.72%,10,64.29%,21,+1.68%,6,75.21%,28,+1.26%,2,33.19%,15,+3.78%,3,35.71%,18,+2.52%,11
global_mmlu_full_ja_high_school_psychology,20.55%,11,+11.93%,10,40.92%,21,+1.28%,2,35.41%,15,+1.47%,1,47.52%,20,+3.30%,7,52.66%,24,+2.20%,3,71.01%,26,+2.20%,5,77.80%,22,+1.47%,4,26.61%,8,+5.14%,5,34.31%,15,+2.94%,7
global_mmlu_full_ja_human_sexuality,22.90%,5,+6.11%,14,43.51%,24,+2.29%,1,48.85%,15,-0.76%,0,49.62%,21,+6.87%,6,53.44%,20,+1.53%,4,58.78%,7,+6.87%,9,65.65%,20,+3.05%,10,34.35%,15,+2.29%,1,45.04%,27,0.00%,0
global_mmlu_full_ja_professional_psychology,26.96%,1,+0.16%,1,33.33%,25,+1.63%,3,30.56%,14,+2.29%,3,42.48%,16,+1.47%,6,43.95%,25,+0.33%,2,54.74%,28,+1.80%,8,61.11%,34,+1.63%,8,27.94%,3,+0.82%,2,32.68%,30,+0.98%,2
global_mmlu_full_ja_public_relations,30.00%,16,+7.27%,1,29.09%,1,+3.64%,9,38.18%,15,+3.64%,1,40.91%,16,+1.82%,3,46.36%,24,+0.91%,1,48.18%,18,+3.64%,9,47.27%,2,+5.45%,13,33.64%,3,+2.73%,4,36.36%,29,+3.64%,9
global_mmlu_full_ja_security_studies,22.04%,11,+15.92%,7,42.86%,20,+2.45%,2,40.41%,11,0.00%,0,57.55%,22,+2.04%,3,54.29%,26,+2.45%,2,63.67%,31,+0.41%,1,63.67%,7,+2.45%,13,20.00%,8,+15.51%,9,39.18%,13,+4.49%,10
global_mmlu_full_ja_sociology,24.38%,11,+2.99%,8,47.76%,20,+3.98%,3,52.24%,15,+0.50%,1,64.18%,21,+4.48%,2,65.67%,24,+1.00%,2,75.12%,35,+1.00%,1,75.12%,25,+2.99%,11,27.86%,12,+9.45%,6,44.28%,19,+3.48%,16
global_mmlu_full_ja_us_foreign_policy,25.00%,9,+7.00%,9,48.00%,20,+3.00%,5,50.00%,11,-1.00%,0,60.00%,18,+2.00%,1,56.00%,18,+9.00%,6,60.00%,3,+3.00%,12,72.00%,13,+4.00%,9,37.00%,12,+8.00%,3,51.00%,16,+4.00%,6
global_mmlu_full_ja_abstract_algebra,23.00%,8,+13.00%,7,23.00%,10,+7.00%,13,24.00%,1,+5.00%,10,28.00%,8,+10.00%,18,33.00%,9,+8.00%,6,42.00%,8,+4.00%,4,46.00%,27,+2.00%,5,28.00%,4,+8.00%,5,32.00%,2,+3.00%,9
global_mmlu_full_ja_anatomy,22.96%,4,+6.67%,9,34.81%,19,+2.22%,6,37.78%,11,+5.19%,3,42.96%,17,+4.44%,10,42.22%,26,+6.67%,7,52.59%,25,+2.22%,3,61.48%,32,+1.48%,2,26.67%,12,+4.44%,3,35.56%,25,+2.22%,4
global_mmlu_full_ja_astronomy,22.37%,11,+11.84%,6,39.47%,20,+3.29%,3,40.79%,15,+1.32%,1,48.68%,19,-1.32%,0,53.29%,26,+7.24%,6,71.71%,19,+1.32%,4,80.26%,29,+0.66%,1,22.37%,8,+6.58%,4,30.92%,3,+7.89%,8
global_mmlu_full_ja_college_biology,22.22%,17,+7.64%,13,29.17%,1,+2.78%,5,28.47%,3,+2.08%,2,36.81%,8,+2.78%,10,38.19%,22,+2.78%,5,58.33%,26,+2.08%,5,70.83%,20,+1.39%,5,27.08%,11,+2.08%,3,22.22%,0,+15.28%,25
global_mmlu_full_ja_college_chemistry,20.00%,5,+16.00%,9,36.00%,23,0.00%,0,33.00%,13,+1.00%,1,33.00%,8,+4.00%,3,36.00%,18,+7.00%,5,49.00%,20,+6.00%,16,57.00%,24,+2.00%,1,33.00%,8,-1.00%,0,32.00%,2,+5.00%,3
global_mmlu_full_ja_college_computer_science,23.00%,5,+8.00%,10,31.00%,19,+4.00%,5,31.00%,1,+2.00%,2,30.00%,8,+7.00%,15,41.00%,18,+5.00%,8,55.00%,19,+3.00%,6,61.00%,29,+3.00%,8,38.00%,15,+2.00%,1,34.00%,11,+4.00%,4
global_mmlu_full_ja_college_mathematics,25.00%,1,+5.00%,5,32.00%,18,+2.00%,2,33.00%,3,+4.00%,2,28.00%,7,+12.00%,14,36.00%,25,+6.00%,8,42.00%,5,+10.00%,23,53.00%,26,+3.00%,7,28.00%,12,+8.00%,7,39.00%,8,+2.00%,3
global_mmlu_full_ja_college_physics,14.71%,11,+18.63%,17,29.41%,0,+3.92%,5,29.41%,0,+2.94%,4,25.49%,8,+5.88%,12,37.25%,18,+6.86%,4,49.02%,22,+3.92%,1,50.98%,7,+5.88%,3,26.47%,12,+2.94%,3,26.47%,0,+7.84%,14
global_mmlu_full_ja_computer_security,25.00%,8,+9.00%,11,45.00%,20,+7.00%,2,41.00%,11,-4.00%,0,56.00%,17,+2.00%,4,60.00%,26,+5.00%,5,74.00%,27,+3.00%,6,74.00%,25,0.00%,0,28.00%,12,+6.00%,2,46.00%,24,+4.00%,8
global_mmlu_full_ja_conceptual_physics,32.77%,16,0.00%,0,29.36%,3,+1.70%,5,28.94%,9,+3.40%,8,40.43%,26,+2.13%,5,44.68%,24,+3.40%,8,61.70%,31,+1.70%,6,66.38%,15,+2.55%,9,29.79%,13,+5.53%,10,30.21%,5,+3.83%,14
global_mmlu_full_ja_electrical_engineering,26.90%,9,+3.45%,6,34.48%,17,+8.28%,7,36.55%,11,+2.07%,1,45.52%,15,+2.76%,7,44.83%,16,+2.76%,8,54.48%,30,+2.07%,7,57.93%,19,+2.76%,9,26.21%,12,+6.90%,4,40.00%,22,+5.52%,13
global_mmlu_full_ja_elementary_mathematics,22.49%,17,+5.03%,9,26.72%,20,+3.17%,5,31.48%,14,+1.32%,1,39.42%,22,+2.12%,2,45.50%,27,+2.12%,6,55.82%,25,+1.85%,8,63.49%,34,+1.85%,9,26.98%,4,+1.32%,3,30.69%,30,+2.91%,8
global_mmlu_full_ja_high_school_biology,26.77%,11,+4.19%,3,36.45%,22,+3.55%,7,36.13%,15,+0.32%,1,43.87%,24,+0.32%,1,55.48%,26,+0.97%,3,66.13%,26,+4.19%,11,81.94%,25,+1.61%,5,28.39%,12,+6.13%,5,33.23%,31,+4.19%,8
global_mmlu_full_ja_high_school_chemistry,26.11%,17,+6.40%,5,33.50%,20,-0.49%,0,36.95%,11,+0.49%,1,41.87%,17,+1.48%,5,45.32%,26,+2.96%,2,56.65%,26,+1.48%,2,64.04%,22,+2.96%,4,23.65%,4,+7.88%,11,28.57%,5,+7.39%,12
global_mmlu_full_ja_high_school_computer_science,26.00%,17,+10.00%,5,35.00%,25,+1.00%,1,34.00%,11,+3.00%,2,57.00%,18,+3.00%,4,59.00%,16,+8.00%,3,81.00%,26,+1.00%,2,85.00%,26,+3.00%,7,26.00%,14,+4.00%,5,40.00%,25,+5.00%,6
global_mmlu_full_ja_high_school_mathematics,18.52%,11,+8.52%,18,22.59%,16,+3.33%,10,28.89%,7,+3.70%,4,33.70%,19,+0.74%,1,39.63%,20,+2.59%,3,38.52%,28,+6.30%,18,51.11%,29,+2.22%,8,25.93%,3,+3.70%,8,34.07%,12,0.00%,0
global_mmlu_full_ja_high_school_physics,19.21%,5,+13.25%,14,28.48%,19,+2.65%,3,31.13%,13,+4.64%,3,27.15%,10,+3.97%,10,33.77%,18,+7.28%,5,51.66%,35,+1.99%,7,60.26%,22,+3.97%,9,27.81%,8,+5.96%,3,29.80%,17,+5.96%,11
global_mmlu_full_ja_high_school_statistics,18.52%,5,+17.59%,6,31.94%,22,+5.56%,2,38.43%,13,-2.78%,0,30.09%,22,+6.48%,11,45.83%,18,+12.04%,7,63.43%,35,+0.46%,1,68.06%,31,+0.93%,2,21.30%,8,+21.76%,5,37.04%,18,+6.02%,7
global_mmlu_full_ja_machine_learning,29.46%,14,+3.57%,9,25.00%,14,+9.82%,19,23.21%,14,+8.04%,14,42.86%,16,+0.89%,2,42.86%,13,+2.68%,4,42.86%,15,+2.68%,13,50.00%,21,+1.79%,1,31.25%,4,+3.57%,1,22.32%,17,+7.14%,29
global_mmlu_full_ko_formal_logic,18.25%,4,+16.67%,15,32.54%,1,+3.17%,8,26.19%,15,+6.35%,3,27.78%,19,+3.17%,12,40.48%,26,+4.76%,3,50.00%,26,+2.38%,5,57.94%,34,+2.38%,2,24.60%,15,+3.97%,6,23.81%,16,+6.35%,20
global_mmlu_full_ko_high_school_european_history,24.85%,8,+6.67%,8,37.58%,20,+3.64%,6,40.00%,11,0.00%,0,53.94%,20,+1.21%,2,49.09%,17,+3.64%,5,70.91%,26,+1.82%,2,72.12%,27,0.00%,0,30.91%,11,+3.03%,3,41.21%,25,+1.82%,5
global_mmlu_full_ko_high_school_us_history,23.04%,11,+5.39%,14,37.25%,20,+4.41%,3,35.29%,12,0.00%,0,50.00%,23,+2.45%,3,40.20%,13,+4.90%,5,61.27%,30,+0.49%,2,68.14%,22,+1.96%,5,27.45%,11,+1.96%,2,32.35%,4,+3.43%,9
global_mmlu_full_ko_high_school_world_history,25.32%,12,+3.38%,14,36.29%,15,+3.38%,5,41.77%,14,0.00%,0,57.38%,19,-1.27%,0,56.96%,27,0.00%,0,71.31%,31,+1.69%,4,76.79%,34,+2.53%,13,30.80%,11,+2.95%,1,32.91%,15,+7.17%,21
global_mmlu_full_ko_international_law,24.79%,9,+16.53%,5,40.50%,16,+10.74%,11,58.68%,15,-0.83%,0,66.12%,22,+1.65%,2,61.16%,26,+4.13%,2,66.94%,25,+1.65%,7,72.73%,22,+4.13%,14,28.10%,11,+4.96%,5,51.24%,21,+3.31%,6
global_mmlu_full_ko_jurisprudence,27.78%,15,+3.70%,4,32.41%,15,+6.48%,6,46.30%,15,+1.85%,1,57.41%,16,+3.70%,4,50.93%,18,+1.85%,6,62.96%,26,+0.93%,2,69.44%,22,+5.56%,6,31.48%,12,+5.56%,2,45.37%,3,+5.56%,8
global_mmlu_full_ko_logical_fallacies,25.15%,17,+5.52%,7,34.97%,18,0.00%,0,39.26%,15,-1.84%,0,39.88%,17,+3.07%,4,39.88%,16,+1.84%,5,54.60%,27,+1.23%,1,54.60%,20,+2.45%,7,29.45%,15,+3.68%,1,31.90%,16,+5.52%,10
global_mmlu_full_ko_moral_disputes,27.46%,17,+3.47%,3,34.68%,20,+6.36%,5,35.26%,11,+2.89%,4,44.80%,16,+2.02%,3,47.98%,27,+0.58%,1,52.02%,25,+1.45%,1,56.65%,29,+3.76%,3,28.90%,11,+2.02%,1,37.57%,16,+3.18%,10
global_mmlu_full_ko_moral_scenarios,24.25%,11,+3.02%,8,24.47%,0,+4.47%,10,24.02%,7,+3.13%,13,30.28%,22,+4.02%,5,24.80%,1,+2.46%,8,41.34%,25,+3.46%,9,48.04%,24,+0.22%,1,24.25%,1,0.00%,0,24.13%,10,+3.13%,27
global_mmlu_full_ko_philosophy,29.90%,17,+2.89%,3,36.66%,16,+0.64%,2,38.59%,15,+0.64%,1,46.62%,9,+0.32%,1,48.23%,24,+0.96%,2,51.13%,35,+1.93%,4,65.27%,32,+0.64%,2,32.48%,15,-1.93%,0,33.44%,8,+4.50%,16
global_mmlu_full_ko_prehistory,25.93%,17,+5.86%,4,38.27%,20,+2.16%,6,40.12%,15,-1.85%,0,44.44%,21,0.00%,0,40.12%,14,+3.40%,6,52.78%,28,+1.23%,2,60.80%,34,+2.16%,11,34.57%,12,+2.78%,1,36.42%,31,+3.70%,16
global_mmlu_full_ko_professional_law,24.12%,8,+2.22%,13,26.60%,20,+3.06%,10,30.57%,11,+0.33%,1,34.35%,24,+0.26%,1,32.40%,23,+1.63%,8,39.05%,25,+1.17%,10,40.94%,25,+0.72%,7,27.12%,12,+0.39%,1,31.42%,22,+0.26%,3
global_mmlu_full_ko_world_religions,23.98%,0,+8.77%,13,44.44%,20,+0.58%,1,42.69%,11,+1.17%,2,62.57%,23,+2.92%,5,52.63%,23,+0.58%,1,63.16%,31,+1.75%,2,72.51%,25,+3.51%,7,35.09%,11,-1.17%,0,46.78%,19,+0.58%,2
global_mmlu_full_ko_business_ethics,25.00%,0,+5.00%,11,41.00%,18,+5.00%,5,38.00%,14,+7.00%,4,46.00%,7,+5.00%,11,47.00%,24,+4.00%,4,59.00%,22,+3.00%,4,62.00%,27,+4.00%,2,27.00%,3,+6.00%,7,35.00%,25,+7.00%,15
global_mmlu_full_ko_clinical_knowledge,23.02%,11,+8.30%,9,38.87%,18,0.00%,0,36.60%,15,+4.53%,3,42.26%,16,+2.26%,5,46.42%,26,+2.64%,6,55.09%,28,+1.51%,1,64.53%,25,+2.64%,8,29.81%,8,-1.51%,0,35.85%,13,+1.51%,11
global_mmlu_full_ko_college_medicine,22.54%,11,+11.56%,9,34.68%,21,+0.58%,1,30.06%,15,+6.36%,3,34.10%,23,+3.47%,8,42.20%,26,+5.78%,4,55.49%,31,+2.89%,2,64.74%,25,+1.16%,1,24.86%,8,+6.36%,5,26.59%,12,+5.20%,12
global_mmlu_full_ko_global_facts,22.00%,9,+14.00%,5,32.00%,15,+4.00%,7,31.00%,14,+9.00%,6,28.00%,24,+3.00%,9,29.00%,21,+5.00%,4,24.00%,35,+7.00%,22,30.00%,8,+9.00%,23,25.00%,6,+8.00%,12,27.00%,5,+7.00%,14
global_mmlu_full_ko_human_aging,34.08%,15,+4.04%,3,34.98%,17,+8.52%,5,34.08%,12,+3.14%,2,43.95%,21,+3.14%,4,46.19%,22,+1.79%,3,55.16%,25,+0.45%,1,56.50%,15,+2.69%,8,36.77%,9,+1.35%,3,44.39%,20,+3.14%,10
global_mmlu_full_ko_management,20.39%,16,+9.71%,9,46.60%,15,+1.94%,4,38.83%,15,+0.97%,1,55.34%,23,+0.97%,1,53.40%,26,+0.97%,1,73.79%,21,0.00%,0,78.64%,22,+2.91%,3,28.16%,8,+11.65%,2,33.01%,19,+6.80%,15
global_mmlu_full_ko_marketing,27.35%,4,+2.99%,8,49.15%,17,+2.99%,7,49.15%,14,+0.85%,1,67.52%,19,0.00%,0,65.38%,23,+1.28%,4,82.48%,27,-0.85%,0,82.05%,29,+3.42%,4,34.62%,12,+2.14%,3,51.28%,19,+0.85%,5
global_mmlu_full_ko_medical_genetics,30.00%,15,+2.00%,1,39.00%,25,+3.00%,3,38.00%,14,+3.00%,1,53.00%,19,+3.00%,2,47.00%,20,+3.00%,3,52.00%,18,+3.00%,4,54.00%,19,+3.00%,6,31.00%,12,+4.00%,1,39.00%,13,+5.00%,11
global_mmlu_full_ko_miscellaneous,27.71%,16,0.00%,0,36.78%,20,+2.17%,3,35.12%,15,+1.28%,2,46.36%,18,+1.15%,3,44.57%,20,+2.68%,7,57.47%,31,+1.02%,5,64.75%,28,+0.38%,5,28.86%,12,+0.89%,4,37.55%,15,+0.64%,4
global_mmlu_full_ko_nutrition,23.20%,11,+6.54%,9,42.48%,15,+5.56%,6,43.46%,15,+2.29%,3,50.33%,18,+3.27%,6,51.31%,26,+4.25%,5,58.17%,35,+2.29%,7,66.67%,32,+0.65%,5,27.12%,12,+5.56%,5,34.31%,1,+5.23%,16
global_mmlu_full_ko_professional_accounting,21.99%,1,+4.26%,14,27.66%,20,+2.84%,4,31.56%,14,+1.42%,2,36.17%,19,+3.90%,7,32.98%,27,+1.06%,2,39.01%,26,+4.26%,6,46.81%,32,+1.42%,1,27.30%,11,+3.19%,1,27.30%,16,+4.61%,18
global_mmlu_full_ko_professional_medicine,23.53%,11,+17.65%,2,25.37%,13,+18.01%,7,28.31%,15,+3.31%,2,26.84%,1,+9.56%,11,36.03%,18,+5.51%,2,52.21%,18,+1.47%,2,62.87%,21,+0.74%,2,19.49%,8,+20.22%,15,29.04%,28,+5.51%,10
global_mmlu_full_ko_virology,30.72%,12,+5.42%,1,36.14%,17,+6.02%,5,35.54%,12,+1.81%,3,39.76%,23,+1.20%,5,39.76%,20,+1.81%,4,43.98%,17,+2.41%,10,50.60%,27,+1.20%,5,37.35%,12,+1.20%,1,36.75%,9,+2.41%,11
global_mmlu_full_ko_econometrics,28.07%,2,-0.88%,0,17.54%,0,+13.16%,22,27.19%,12,+1.75%,4,28.95%,13,+3.51%,5,35.96%,7,+0.88%,2,33.33%,2,+6.14%,15,48.25%,15,+2.63%,6,20.18%,4,+10.53%,15,29.82%,1,+7.89%,10
global_mmlu_full_ko_high_school_geography,26.77%,11,+5.05%,3,48.48%,22,+1.01%,2,39.39%,15,+4.04%,1,56.57%,16,+1.52%,2,49.49%,26,+7.07%,4,64.65%,25,+3.54%,13,75.25%,21,+0.51%,1,23.74%,12,+5.56%,5,36.36%,25,+1.52%,6
global_mmlu_full_ko_high_school_government_and_politics,21.76%,11,+15.54%,7,37.31%,18,0.00%,0,36.27%,14,+3.11%,3,47.67%,22,0.00%,0,44.04%,18,+3.11%,4,61.66%,35,+2.07%,5,70.98%,22,+2.07%,4,28.50%,8,+6.22%,2,35.23%,27,0.00%,0
global_mmlu_full_ko_high_school_macroeconomics,18.72%,11,+16.15%,18,36.41%,21,+1.03%,3,32.05%,15,+3.85%,3,39.23%,22,+1.79%,4,39.23%,18,+4.36%,6,56.92%,31,+0.77%,2,63.08%,32,+0.77%,9,30.00%,8,+3.33%,3,30.51%,19,+2.56%,7
global_mmlu_full_ko_high_school_microeconomics,24.37%,11,+11.76%,3,38.24%,22,+1.26%,2,33.61%,15,+6.30%,4,35.29%,24,+5.46%,8,44.12%,26,+0.84%,1,60.08%,25,+0.84%,1,67.23%,22,+2.52%,8,32.35%,8,+1.68%,2,35.71%,28,+2.94%,3
global_mmlu_full_ko_high_school_psychology,23.49%,11,+5.14%,3,41.83%,19,+0.73%,3,34.68%,15,0.00%,0,49.36%,16,+1.28%,2,53.94%,26,+2.75%,3,69.17%,25,+2.75%,9,77.80%,30,+0.92%,2,28.44%,11,+3.85%,4,34.86%,19,+1.65%,4
global_mmlu_full_ko_human_sexuality,22.90%,3,+3.82%,12,35.88%,15,+3.82%,6,39.69%,12,+0.76%,1,50.38%,24,+0.76%,1,45.04%,22,+3.05%,5,51.15%,19,+5.34%,14,64.89%,33,+3.05%,9,34.35%,14,+4.58%,1,41.22%,13,+2.29%,9
global_mmlu_full_ko_professional_psychology,24.51%,1,+3.27%,9,27.94%,20,+3.59%,10,32.35%,11,+0.33%,1,39.05%,21,+0.33%,1,38.89%,16,+2.78%,4,47.39%,27,+1.80%,12,55.88%,22,+0.16%,2,29.25%,11,-0.33%,0,32.84%,26,+1.63%,10
global_mmlu_full_ko_public_relations,25.45%,16,+10.91%,7,36.36%,19,0.00%,0,30.91%,11,+6.36%,5,42.73%,24,+1.82%,3,42.73%,26,+2.73%,3,52.73%,27,+1.82%,1,51.82%,25,+4.55%,12,27.27%,5,+8.18%,13,39.09%,15,+3.64%,6
global_mmlu_full_ko_security_studies,20.00%,11,+16.33%,9,44.08%,19,+1.22%,4,37.55%,14,+1.22%,2,51.84%,23,+2.04%,4,53.47%,25,+2.04%,4,60.00%,35,+3.67%,9,64.08%,2,+1.63%,4,28.16%,12,+9.80%,6,43.27%,19,+2.86%,9
global_mmlu_full_ko_sociology,24.38%,11,+4.98%,5,48.26%,20,+2.49%,5,48.26%,15,+3.98%,2,58.21%,18,+1.99%,3,57.21%,25,+2.99%,5,69.15%,25,+1.99%,3,69.65%,15,+2.99%,13,36.32%,15,+2.99%,3,53.73%,28,+2.99%,3
global_mmlu_full_ko_us_foreign_policy,25.00%,2,+4.00%,10,48.00%,20,+4.00%,9,52.00%,11,-1.00%,0,61.00%,24,+4.00%,7,61.00%,18,-1.00%,0,66.00%,30,+2.00%,5,73.00%,29,+2.00%,4,46.00%,14,+4.00%,1,57.00%,9,+1.00%,1
global_mmlu_full_ko_abstract_algebra,24.00%,17,+9.00%,4,24.00%,11,+13.00%,12,26.00%,7,+10.00%,6,26.00%,8,+11.00%,15,33.00%,14,+1.00%,2,35.00%,2,+5.00%,12,43.00%,21,+2.00%,3,34.00%,12,0.00%,0,35.00%,0,+3.00%,3
global_mmlu_full_ko_anatomy,25.93%,9,+7.41%,9,34.07%,20,+5.93%,5,37.04%,11,+2.22%,1,28.89%,27,+8.89%,14,36.30%,9,+3.70%,4,43.70%,19,+2.22%,3,49.63%,28,+2.22%,2,22.96%,12,+7.41%,11,31.85%,19,+2.96%,6
global_mmlu_full_ko_astronomy,23.03%,8,+9.21%,6,36.18%,18,+3.95%,8,47.37%,14,0.00%,0,46.05%,22,+1.97%,6,42.76%,26,+5.26%,6,67.11%,21,+1.97%,6,76.32%,21,+2.63%,5,23.68%,8,+9.21%,6,31.58%,12,+5.26%,8
global_mmlu_full_ko_college_biology,25.00%,8,+5.56%,10,26.39%,8,+3.47%,11,30.56%,11,+3.47%,1,29.86%,11,+4.86%,17,36.81%,23,0.00%,0,48.61%,28,+2.78%,6,68.06%,22,+0.69%,3,29.86%,8,+0.69%,1,27.78%,13,+2.78%,11
global_mmlu_full_ko_college_chemistry,21.00%,11,+11.00%,5,30.00%,22,+4.00%,6,26.00%,15,+8.00%,3,29.00%,1,+7.00%,11,36.00%,18,+4.00%,3,49.00%,20,+1.00%,3,53.00%,13,0.00%,0,28.00%,11,+8.00%,4,24.00%,28,+8.00%,19
global_mmlu_full_ko_college_computer_science,18.00%,5,+15.00%,15,34.00%,21,+5.00%,6,35.00%,7,+3.00%,1,36.00%,18,+3.00%,5,34.00%,18,+9.00%,10,56.00%,30,+4.00%,10,64.00%,33,+3.00%,6,30.00%,11,+3.00%,3,37.00%,28,+3.00%,1
global_mmlu_full_ko_college_mathematics,23.00%,1,+11.00%,6,29.00%,23,+1.00%,1,35.00%,15,+2.00%,1,28.00%,6,+8.00%,16,32.00%,18,+9.00%,9,44.00%,2,+2.00%,3,43.00%,25,+5.00%,11,33.00%,12,+3.00%,1,36.00%,17,+8.00%,11
global_mmlu_full_ko_college_physics,17.65%,11,+13.73%,15,26.47%,20,+6.86%,10,26.47%,10,+8.82%,4,23.53%,1,+10.78%,23,34.31%,18,0.00%,0,41.18%,19,+5.88%,8,45.10%,7,+4.90%,8,23.53%,8,+4.90%,4,24.51%,18,+7.84%,18
global_mmlu_full_ko_computer_security,22.00%,9,+11.00%,13,36.00%,20,+9.00%,5,41.00%,11,+2.00%,1,60.00%,16,+2.00%,4,64.00%,23,+1.00%,2,68.00%,31,+3.00%,8,75.00%,29,+2.00%,6,30.00%,12,+3.00%,4,45.00%,5,+2.00%,3
global_mmlu_full_ko_conceptual_physics,31.91%,16,+0.43%,1,27.66%,11,+4.26%,11,28.09%,4,+3.83%,9,37.02%,24,+5.11%,5,43.40%,16,+2.98%,4,60.85%,35,+1.28%,4,68.94%,35,+0.85%,3,30.64%,13,+2.98%,8,34.04%,20,+1.28%,3
global_mmlu_full_ko_electrical_engineering,29.66%,11,+6.21%,1,39.31%,18,+5.52%,5,39.31%,14,-0.69%,0,54.48%,18,-0.69%,0,46.21%,20,+6.21%,9,59.31%,26,+1.38%,3,62.76%,31,+0.69%,2,30.34%,11,-1.38%,0,45.52%,22,+1.38%,4
global_mmlu_full_ko_elementary_mathematics,22.75%,11,+5.56%,9,25.40%,20,+5.03%,6,30.69%,12,+0.26%,1,38.36%,22,+0.79%,1,44.97%,20,+2.91%,6,53.97%,35,+2.91%,8,62.43%,22,+2.91%,14,27.78%,14,0.00%,0,30.95%,28,+1.06%,1
global_mmlu_full_ko_high_school_biology,25.48%,11,+5.81%,9,37.74%,21,+2.26%,6,36.77%,15,+3.55%,2,41.29%,23,+1.61%,5,50.00%,26,+3.55%,4,63.87%,35,+1.94%,5,71.61%,33,+0.65%,5,31.29%,15,+1.94%,1,35.48%,10,+1.61%,4
global_mmlu_full_ko_high_school_chemistry,25.12%,8,+4.43%,6,29.56%,20,+1.48%,4,38.92%,11,-0.49%,0,37.44%,8,+5.42%,10,36.95%,26,+6.40%,11,46.80%,23,+2.46%,8,61.08%,28,+0.49%,1,27.09%,8,+8.37%,5,29.56%,7,+7.39%,13
global_mmlu_full_ko_high_school_computer_science,27.00%,8,+8.00%,4,28.00%,16,+8.00%,5,39.00%,11,+1.00%,1,52.00%,13,+4.00%,2,65.00%,27,+1.00%,1,73.00%,26,+3.00%,4,80.00%,26,+2.00%,6,23.00%,0,+4.00%,4,41.00%,19,+3.00%,2
global_mmlu_full_ko_high_school_mathematics,22.59%,16,+5.93%,7,25.19%,11,+2.22%,5,27.78%,15,+2.22%,5,33.33%,21,+3.70%,8,37.78%,26,+2.59%,3,41.48%,31,+2.59%,11,52.22%,25,+3.33%,6,25.56%,8,+2.96%,9,28.52%,17,+4.07%,13
global_mmlu_full_ko_high_school_physics,14.57%,11,+18.54%,18,26.49%,22,+4.64%,9,32.45%,10,+1.32%,1,29.14%,2,+6.62%,12,29.80%,18,+7.95%,9,50.99%,34,+1.32%,1,56.29%,20,+1.99%,7,28.48%,8,+7.95%,2,24.50%,4,+11.26%,30
global_mmlu_full_ko_high_school_statistics,18.06%,11,+22.22%,4,32.41%,22,+6.94%,4,35.65%,15,+2.31%,2,34.72%,18,+2.31%,2,40.74%,18,+7.87%,6,56.02%,22,+3.70%,13,68.98%,34,+1.85%,5,27.31%,8,+14.81%,4,37.04%,19,+2.78%,6
global_mmlu_full_ko_machine_learning,25.89%,0,+6.25%,12,22.32%,17,+17.86%,19,26.79%,14,+8.04%,4,34.82%,11,+3.57%,8,38.39%,22,+5.36%,4,41.96%,30,+3.57%,10,42.86%,29,+2.68%,6,25.89%,0,+6.25%,8,25.00%,9,+4.46%,7
global_mmlu_full_ru_formal_logic,,,,,31.75%,7,+5.56%,8,30.16%,13,+4.76%,3,32.54%,19,+6.35%,9,39.68%,26,+9.52%,7,53.17%,7,+3.97%,10,55.56%,16,+7.14%,19,29.37%,12,+7.14%,1,36.51%,25,0.00%,0
global_mmlu_full_ru_high_school_european_history,,,,,49.09%,25,+1.82%,2,43.64%,11,+2.42%,2,72.12%,20,+0.61%,1,60.00%,26,+4.24%,4,73.33%,21,+1.82%,1,77.58%,22,+0.61%,5,38.18%,12,-3.64%,0,55.15%,24,+1.21%,4
global_mmlu_full_ru_high_school_us_history,,,,,37.25%,20,+3.92%,4,34.31%,11,+3.92%,3,57.84%,23,0.00%,0,44.61%,20,+2.94%,4,71.08%,27,+0.98%,2,77.94%,35,+0.98%,3,34.80%,14,+0.49%,1,37.75%,10,+4.41%,15
global_mmlu_full_ru_high_school_world_history,,,,,37.97%,15,+3.80%,6,48.52%,14,+0.42%,1,68.78%,23,0.00%,0,59.92%,22,+0.84%,3,75.95%,27,+1.27%,9,79.32%,27,+0.42%,1,36.29%,11,+0.42%,1,53.16%,29,+1.69%,5
global_mmlu_full_ru_international_law,,,,,52.89%,20,+1.65%,3,62.81%,11,-6.61%,0,71.07%,23,+3.31%,4,68.60%,25,+1.65%,2,67.77%,28,+3.31%,13,76.03%,32,+2.48%,3,33.06%,12,+2.48%,1,55.37%,9,+1.65%,3
global_mmlu_full_ru_jurisprudence,,,,,38.89%,15,0.00%,0,48.15%,15,+4.63%,1,50.93%,21,+2.78%,4,47.22%,18,+2.78%,5,62.04%,34,+5.56%,4,73.15%,25,+2.78%,7,37.04%,13,+1.85%,3,47.22%,15,+0.93%,2
global_mmlu_full_ru_logical_fallacies,,,,,38.04%,20,+4.29%,7,34.97%,14,+6.75%,2,51.53%,22,0.00%,0,44.79%,13,+0.61%,2,58.28%,35,+1.84%,9,63.80%,22,+3.68%,4,33.74%,11,-1.23%,0,37.42%,27,+3.07%,7
global_mmlu_full_ru_moral_disputes,,,,,39.88%,23,+0.87%,1,36.13%,11,+1.45%,1,50.00%,21,+1.73%,1,46.53%,16,+2.31%,6,62.43%,26,+0.29%,1,63.58%,28,+2.60%,3,35.26%,12,-0.58%,0,45.38%,30,+1.16%,6
global_mmlu_full_ru_moral_scenarios,,,,,25.70%,21,+3.13%,6,23.91%,10,+3.35%,12,40.78%,24,+3.02%,2,24.36%,0,+0.56%,7,24.13%,22,+5.03%,31,24.58%,9,+8.16%,21,26.15%,11,+0.45%,1,24.80%,23,+2.68%,6
global_mmlu_full_ru_philosophy,,,,,35.05%,24,+1.61%,6,41.48%,15,-1.61%,0,52.41%,17,+2.89%,7,49.84%,23,0.00%,0,65.27%,35,+0.32%,1,68.17%,31,+0.96%,5,31.19%,12,+0.32%,1,47.59%,19,+1.61%,5
global_mmlu_full_ru_prehistory,,,,,34.57%,20,+4.63%,7,35.49%,15,+1.85%,1,49.38%,25,+3.09%,4,46.60%,26,+0.62%,1,55.56%,25,+4.01%,11,67.28%,31,+0.31%,1,29.01%,12,+5.25%,5,35.80%,15,+5.25%,10
global_mmlu_full_ru_professional_law,,,,,26.99%,16,+1.17%,4,31.16%,15,-0.65%,0,37.61%,22,+0.07%,1,32.79%,17,+1.56%,2,40.42%,26,+1.37%,4,44.07%,35,+0.91%,5,26.86%,12,+1.76%,5,32.59%,27,+0.85%,2
global_mmlu_full_ru_world_religions,,,,,35.09%,20,+5.85%,10,38.60%,14,-0.58%,0,56.14%,17,+1.17%,2,52.63%,24,+1.17%,3,66.08%,15,+3.51%,8,75.44%,21,+0.58%,3,29.24%,0,0.00%,0,30.99%,7,+5.85%,8
global_mmlu_full_ru_business_ethics,,,,,34.00%,17,+7.00%,11,43.00%,11,+4.00%,1,49.00%,21,+3.00%,2,51.00%,22,+6.00%,7,68.00%,26,0.00%,0,68.00%,25,+4.00%,12,32.00%,14,+3.00%,2,42.00%,25,+6.00%,8
global_mmlu_full_ru_clinical_knowledge,,,,,38.11%,21,+3.02%,6,37.74%,15,+1.51%,2,49.81%,19,+3.02%,5,60.00%,26,+0.75%,2,68.30%,34,+2.64%,4,70.57%,22,+3.40%,11,32.45%,15,+0.75%,1,38.49%,12,+1.89%,7
global_mmlu_full_ru_college_medicine,,,,,33.53%,18,+4.05%,9,33.53%,11,+1.16%,2,41.62%,24,+5.20%,12,49.13%,26,+1.73%,3,67.05%,19,+0.58%,1,68.79%,29,+2.31%,11,28.90%,12,+3.47%,1,27.75%,17,+7.51%,15
global_mmlu_full_ru_global_facts,,,,,33.00%,15,+1.00%,2,35.00%,14,+1.00%,2,25.00%,25,+13.00%,23,27.00%,21,+10.00%,14,34.00%,21,+3.00%,1,40.00%,9,+5.00%,12,34.00%,3,+5.00%,2,31.00%,15,+5.00%,16
global_mmlu_full_ru_human_aging,,,,,36.32%,17,+4.04%,3,35.87%,14,+4.04%,6,43.50%,25,+3.59%,5,50.22%,27,+2.24%,2,56.05%,29,+1.79%,6,61.43%,26,+1.79%,13,37.22%,6,+2.24%,2,46.19%,31,+2.24%,12
global_mmlu_full_ru_management,,,,,51.46%,22,0.00%,0,46.60%,15,-2.91%,0,57.28%,8,+1.94%,5,62.14%,26,+2.91%,1,69.90%,25,+6.80%,13,79.61%,26,+2.91%,1,27.18%,1,+4.85%,3,41.75%,15,+3.88%,17
global_mmlu_full_ru_marketing,,,,,48.72%,17,+2.99%,7,52.56%,15,-0.43%,0,63.68%,25,+4.70%,12,69.23%,26,+2.99%,5,79.06%,26,0.00%,0,80.77%,15,+1.28%,5,39.74%,11,+0.85%,3,63.25%,28,+1.28%,3
global_mmlu_full_ru_medical_genetics,,,,,46.00%,18,-1.00%,0,36.00%,13,+1.00%,1,53.00%,23,+6.00%,4,56.00%,27,+2.00%,1,59.00%,15,+6.00%,6,76.00%,31,+1.00%,2,36.00%,12,+2.00%,3,39.00%,19,+6.00%,12
global_mmlu_full_ru_miscellaneous,,,,,38.70%,20,+2.68%,4,39.85%,14,+0.64%,1,53.38%,16,+1.28%,5,49.04%,26,+1.28%,3,63.98%,25,+1.40%,7,72.29%,32,+0.64%,3,28.48%,11,+4.34%,7,40.49%,30,+0.89%,3
global_mmlu_full_ru_nutrition,,,,,41.83%,19,0.00%,0,46.73%,15,-2.29%,0,54.58%,24,+1.63%,4,55.23%,26,+2.29%,2,67.32%,30,+0.98%,4,72.55%,25,+0.98%,5,40.52%,15,+2.29%,1,44.44%,10,+2.29%,8
global_mmlu_full_ru_professional_accounting,,,,,25.89%,16,+4.61%,5,29.43%,14,+5.32%,1,40.07%,23,+2.84%,3,39.36%,27,-0.71%,0,41.49%,34,+2.13%,4,43.62%,22,+5.32%,13,29.08%,6,+0.35%,1,37.59%,31,-0.35%,0
global_mmlu_full_ru_professional_medicine,,,,,28.68%,9,+15.07%,4,29.04%,15,+4.04%,3,45.59%,20,+5.15%,2,34.93%,18,+7.35%,9,61.40%,27,+1.10%,3,70.59%,34,+1.10%,6,27.21%,11,+0.74%,2,26.84%,19,+6.62%,10
global_mmlu_full_ru_virology,,,,,40.36%,17,+7.23%,1,39.16%,15,0.00%,0,43.37%,15,+2.41%,5,42.17%,18,+1.81%,3,46.99%,4,+3.61%,5,51.20%,28,+1.81%,6,38.55%,7,-2.41%,0,36.75%,7,+5.42%,12
global_mmlu_full_ru_econometrics,,,,,28.07%,2,+2.63%,5,33.33%,15,-3.51%,0,35.96%,21,+1.75%,1,39.47%,22,+1.75%,2,51.75%,25,+1.75%,5,58.77%,27,+2.63%,2,21.93%,4,+6.14%,13,27.19%,18,+4.39%,10
global_mmlu_full_ru_high_school_geography,,,,,49.49%,19,+1.01%,1,44.95%,11,+1.01%,2,50.51%,20,+5.05%,9,52.53%,26,+3.03%,3,70.71%,27,+0.51%,2,78.79%,20,+2.02%,7,32.32%,11,0.00%,0,47.98%,28,+3.03%,2
global_mmlu_full_ru_high_school_government_and_politics,,,,,41.97%,18,+1.04%,3,34.72%,14,0.00%,0,44.56%,9,+2.59%,6,44.56%,26,+5.70%,1,68.91%,25,+0.52%,1,76.68%,32,+1.04%,2,28.50%,8,+9.33%,3,40.41%,25,-1.04%,0
global_mmlu_full_ru_high_school_macroeconomics,,,,,38.46%,21,+1.79%,3,34.62%,15,-0.51%,0,41.28%,26,+3.33%,5,45.38%,26,+3.59%,6,65.38%,28,+1.28%,6,72.82%,27,+1.28%,7,30.26%,8,+2.05%,4,31.54%,15,+4.87%,10
global_mmlu_full_ru_high_school_microeconomics,,,,,38.66%,15,+2.10%,5,39.08%,15,-1.26%,0,50.00%,19,+0.42%,3,52.94%,18,+0.84%,1,69.33%,34,+1.68%,5,81.51%,27,+0.84%,1,31.09%,11,+2.10%,6,37.82%,13,+3.78%,13
global_mmlu_full_ru_high_school_psychology,,,,,45.50%,22,+0.37%,2,39.08%,15,+0.18%,1,54.50%,24,+3.30%,7,60.73%,26,+0.92%,2,77.06%,32,+0.37%,2,82.39%,34,+1.47%,5,29.36%,8,+3.85%,2,38.72%,15,+3.12%,8
global_mmlu_full_ru_human_sexuality,,,,,40.46%,20,+5.34%,6,45.80%,14,+3.05%,2,59.54%,19,+1.53%,1,55.73%,18,+3.05%,5,64.12%,14,+1.53%,1,74.81%,16,+0.76%,2,41.22%,15,-0.76%,0,44.27%,29,+2.29%,3
global_mmlu_full_ru_professional_psychology,,,,,32.84%,17,+3.43%,6,33.66%,14,+0.82%,1,42.48%,24,+1.80%,9,41.83%,22,+1.14%,4,57.52%,26,+0.82%,3,63.24%,28,+1.14%,3,29.74%,14,-0.49%,0,36.93%,24,+1.47%,8
global_mmlu_full_ru_public_relations,,,,,36.36%,11,+4.55%,9,43.64%,11,0.00%,0,47.27%,20,+3.64%,8,44.55%,20,+2.73%,7,55.45%,2,+5.45%,5,57.27%,21,+4.55%,10,38.18%,6,+1.82%,2,43.64%,29,+1.82%,5
global_mmlu_full_ru_security_studies,,,,,47.35%,20,+6.12%,6,47.76%,15,-0.41%,0,63.67%,23,+1.22%,2,58.37%,26,+1.63%,1,66.94%,11,+1.63%,3,70.61%,31,+0.82%,3,41.22%,12,+1.22%,2,54.29%,28,+2.04%,4
global_mmlu_full_ru_sociology,,,,,53.23%,20,+3.48%,4,51.74%,15,-0.50%,0,65.67%,21,+0.50%,1,64.18%,25,+2.49%,2,73.63%,26,+0.50%,2,76.12%,22,+1.99%,3,43.28%,12,-2.99%,0,60.20%,28,+2.49%,5
global_mmlu_full_ru_us_foreign_policy,,,,,46.00%,17,+5.00%,7,53.00%,15,+3.00%,1,67.00%,19,+5.00%,5,55.00%,9,+4.00%,6,74.00%,29,+4.00%,4,84.00%,26,+1.00%,1,41.00%,11,+3.00%,2,56.00%,31,+4.00%,9
global_mmlu_full_ru_abstract_algebra,,,,,21.00%,10,+13.00%,15,24.00%,11,+13.00%,11,35.00%,13,+1.00%,3,38.00%,16,+1.00%,3,45.00%,22,+7.00%,8,50.00%,28,+3.00%,7,35.00%,13,+2.00%,1,33.00%,3,+6.00%,15
global_mmlu_full_ru_anatomy,,,,,33.33%,16,+2.96%,7,40.74%,11,+1.48%,1,40.74%,27,+0.74%,1,48.15%,23,+0.74%,1,51.11%,26,+2.96%,11,68.89%,25,+2.22%,7,28.15%,12,+3.70%,4,41.48%,23,0.00%,0
global_mmlu_full_ru_astronomy,,,,,33.55%,16,+5.26%,5,40.13%,14,+3.29%,2,54.61%,20,0.00%,0,53.29%,18,+3.29%,5,75.66%,34,+2.63%,4,79.61%,29,+1.97%,11,26.32%,13,+7.89%,7,33.55%,16,+9.21%,12
global_mmlu_full_ru_college_biology,,,,,34.03%,15,0.00%,0,26.39%,14,+5.56%,8,38.89%,18,+5.56%,8,39.58%,21,+3.47%,9,63.89%,26,+2.08%,4,80.56%,34,+2.08%,7,29.17%,11,+3.47%,2,28.47%,7,+3.47%,10
global_mmlu_full_ru_college_chemistry,,,,,29.00%,9,+6.00%,7,34.00%,13,+1.00%,1,41.00%,13,+4.00%,3,42.00%,18,+6.00%,4,57.00%,26,+1.00%,1,59.00%,21,-1.00%,0,29.00%,8,+7.00%,3,28.00%,13,+3.00%,8
global_mmlu_full_ru_college_computer_science,,,,,35.00%,23,+1.00%,1,33.00%,3,+6.00%,1,35.00%,15,+8.00%,14,35.00%,16,+12.00%,12,58.00%,2,+2.00%,8,71.00%,25,+2.00%,8,26.00%,14,+8.00%,6,34.00%,9,+8.00%,9
global_mmlu_full_ru_college_mathematics,,,,,31.00%,25,+2.00%,4,37.00%,14,-1.00%,0,30.00%,19,+9.00%,12,40.00%,26,+6.00%,6,44.00%,35,+5.00%,11,48.00%,16,+8.00%,8,30.00%,2,+9.00%,3,34.00%,4,+7.00%,10
global_mmlu_full_ru_college_physics,,,,,21.57%,0,+6.86%,13,29.41%,12,+1.96%,2,25.49%,3,+13.73%,18,39.22%,14,+6.86%,4,53.92%,24,+0.98%,3,57.84%,33,+3.92%,7,24.51%,14,+6.86%,8,21.57%,10,+7.84%,18
global_mmlu_full_ru_computer_security,,,,,40.00%,15,+2.00%,6,47.00%,11,-2.00%,0,62.00%,17,+3.00%,5,60.00%,23,+1.00%,1,72.00%,17,+2.00%,3,76.00%,21,+1.00%,3,33.00%,3,-3.00%,0,51.00%,20,+2.00%,7
global_mmlu_full_ru_conceptual_physics,,,,,33.19%,11,+4.68%,8,34.04%,15,+1.70%,2,43.40%,24,0.00%,0,54.89%,20,+3.83%,4,68.51%,29,+4.26%,7,77.02%,25,0.00%,0,30.21%,7,+4.68%,7,32.77%,10,+4.26%,12
global_mmlu_full_ru_electrical_engineering,,,,,35.86%,17,+3.45%,4,35.17%,11,+3.45%,4,49.66%,23,+1.38%,2,50.34%,20,+3.45%,4,62.76%,25,+2.07%,4,68.97%,26,+0.69%,1,37.24%,12,+0.69%,1,43.45%,22,+5.52%,10
global_mmlu_full_ru_elementary_mathematics,,,,,26.46%,20,+5.56%,8,29.63%,11,+0.79%,2,39.42%,24,+1.32%,4,44.44%,26,+3.44%,6,58.99%,27,+2.12%,4,70.37%,30,+0.53%,2,27.25%,11,+2.12%,5,32.01%,10,+1.59%,5
global_mmlu_full_ru_high_school_biology,,,,,42.26%,20,+0.32%,1,44.19%,15,0.00%,0,52.26%,20,+1.61%,3,61.61%,26,+0.97%,1,80.97%,26,+1.61%,4,87.10%,25,+0.32%,1,32.26%,13,+2.26%,3,41.29%,29,+0.32%,2
global_mmlu_full_ru_high_school_chemistry,,,,,32.51%,20,+2.46%,2,33.50%,11,+3.45%,2,45.32%,19,+3.45%,6,48.28%,27,+2.96%,3,65.52%,27,+0.99%,5,71.92%,30,+0.49%,1,24.14%,8,+7.88%,11,35.47%,15,+0.99%,2
global_mmlu_full_ru_high_school_computer_science,,,,,30.00%,16,+9.00%,7,32.00%,14,+7.00%,4,54.00%,12,+4.00%,5,58.00%,25,+5.00%,4,79.00%,26,+1.00%,5,84.00%,22,+2.00%,2,36.00%,11,+1.00%,1,45.00%,23,+4.00%,8
global_mmlu_full_ru_high_school_mathematics,,,,,26.30%,11,+2.59%,2,31.48%,7,+1.48%,1,36.30%,21,+1.85%,3,41.85%,16,-0.74%,0,42.96%,34,+2.59%,5,44.07%,8,+6.67%,20,27.04%,4,+2.59%,3,26.30%,11,+7.78%,28
global_mmlu_full_ru_high_school_physics,,,,,25.83%,13,+1.99%,3,33.11%,10,+3.97%,2,33.11%,5,+3.31%,9,43.05%,20,+3.97%,4,50.99%,22,+4.64%,9,62.91%,28,+2.65%,5,27.81%,8,+9.27%,2,27.81%,12,+5.96%,13
global_mmlu_full_ru_high_school_statistics,,,,,30.09%,22,+6.02%,5,36.11%,15,0.00%,0,39.81%,20,+5.09%,8,40.74%,18,+12.04%,5,63.43%,27,+1.39%,1,68.52%,34,+2.31%,4,30.09%,8,+13.43%,2,36.11%,28,+3.24%,3
global_mmlu_full_ru_machine_learning,,,,,28.57%,25,+10.71%,14,22.32%,6,+9.82%,10,33.04%,12,+8.93%,7,38.39%,13,+3.57%,1,48.21%,25,+3.57%,10,52.68%,25,+3.57%,8,27.68%,2,+6.25%,7,24.11%,6,+6.25%,13
global_mmlu_full_sw_formal_logic,,,,,33.33%,13,+2.38%,3,32.54%,13,+4.76%,1,34.92%,26,+3.97%,6,34.92%,10,+5.56%,6,46.03%,7,+0.79%,2,47.62%,33,+3.17%,7,23.81%,0,+5.56%,4,26.19%,7,+7.14%,14
global_mmlu_full_sw_high_school_european_history,,,,,31.52%,17,+3.03%,2,32.12%,11,+4.24%,3,46.06%,19,-0.61%,0,33.94%,17,+4.24%,7,30.91%,18,+7.88%,16,45.45%,22,0.00%,0,27.88%,12,+4.24%,3,34.55%,23,+3.64%,12
global_mmlu_full_sw_high_school_us_history,,,,,31.86%,17,+5.88%,6,31.37%,14,+6.37%,3,45.59%,22,0.00%,0,31.86%,10,+4.41%,10,37.75%,27,+2.45%,7,45.10%,26,+0.98%,4,28.43%,12,+0.98%,4,40.20%,19,+2.94%,4
global_mmlu_full_sw_high_school_world_history,,,,,32.49%,18,+2.53%,4,31.22%,14,+5.91%,2,48.52%,17,+3.38%,3,27.85%,9,+6.33%,17,31.65%,8,+4.64%,24,46.84%,32,+1.27%,1,24.89%,1,+3.38%,9,34.60%,22,+2.53%,6
global_mmlu_full_sw_international_law,,,,,33.88%,20,+5.79%,5,48.76%,15,+2.48%,1,52.07%,27,+5.79%,6,47.93%,27,+4.13%,4,42.15%,19,+9.09%,10,50.41%,21,+4.96%,13,29.75%,15,+1.65%,2,52.07%,14,-0.83%,0
global_mmlu_full_sw_jurisprudence,,,,,40.74%,23,+0.93%,2,37.96%,15,-0.93%,0,44.44%,22,+1.85%,2,36.11%,26,+5.56%,9,33.33%,18,+5.56%,10,42.59%,29,+3.70%,13,34.26%,12,+1.85%,1,37.96%,28,+4.63%,10
global_mmlu_full_sw_logical_fallacies,,,,,26.99%,18,+4.91%,13,28.83%,13,+1.23%,1,30.67%,27,+6.75%,15,29.45%,7,+4.29%,5,25.15%,2,+1.23%,2,30.67%,4,+7.98%,16,23.31%,12,+4.29%,10,26.38%,7,+3.68%,8
global_mmlu_full_sw_moral_disputes,,,,,29.19%,20,+2.89%,7,35.55%,14,+2.60%,3,44.51%,17,-0.87%,0,32.37%,15,+1.16%,7,36.71%,31,+3.18%,8,44.51%,31,+0.58%,2,28.90%,14,+4.34%,2,32.66%,13,+4.05%,11
global_mmlu_full_sw_moral_scenarios,,,,,24.69%,11,+3.80%,11,24.25%,1,+2.79%,9,26.48%,24,+2.01%,5,24.25%,18,+3.02%,13,25.03%,7,+2.12%,12,24.13%,4,+2.35%,29,25.70%,5,+1.34%,3,24.25%,5,+1.68%,8
global_mmlu_full_sw_philosophy,,,,,28.94%,20,+3.86%,7,39.23%,15,+0.32%,1,45.02%,18,+0.32%,1,30.23%,24,+1.29%,5,35.05%,35,+0.96%,3,44.05%,32,+0.32%,1,27.33%,12,+2.89%,6,38.26%,25,0.00%,0
global_mmlu_full_sw_prehistory,,,,,33.02%,20,+3.70%,3,33.64%,15,-0.62%,0,42.90%,17,-0.31%,0,29.63%,7,+0.93%,2,31.79%,31,+1.23%,1,40.74%,31,+1.54%,6,25.31%,1,+3.09%,9,35.80%,25,+1.54%,1
global_mmlu_full_sw_professional_law,,,,,27.38%,18,+1.76%,8,26.99%,11,+0.78%,2,30.25%,20,+2.28%,6,28.10%,20,+0.72%,3,27.31%,31,+1.50%,16,28.81%,11,+1.69%,8,26.21%,8,+0.07%,1,29.47%,25,+0.59%,2
global_mmlu_full_sw_world_religions,,,,,32.75%,17,+3.51%,7,43.86%,11,-2.92%,0,52.05%,27,+4.09%,6,40.35%,9,+2.34%,1,43.27%,21,+1.75%,5,50.88%,31,+2.34%,7,26.32%,14,+5.26%,4,34.50%,19,+4.09%,9
global_mmlu_full_sw_business_ethics,,,,,25.00%,0,+11.00%,18,27.00%,13,+8.00%,7,43.00%,19,+10.00%,5,25.00%,2,+6.00%,14,29.00%,19,+12.00%,13,32.00%,3,+14.00%,12,25.00%,0,+5.00%,8,28.00%,6,+3.00%,7
global_mmlu_full_sw_clinical_knowledge,,,,,28.68%,15,+1.89%,7,36.23%,14,+0.38%,1,39.25%,26,+4.53%,9,31.70%,26,+6.04%,13,33.96%,35,+2.64%,5,47.17%,25,0.00%,0,27.55%,12,+4.15%,8,29.06%,28,+4.15%,14
global_mmlu_full_sw_college_medicine,,,,,33.53%,23,+1.73%,2,28.90%,14,+2.31%,3,34.10%,10,+1.73%,8,29.48%,26,+8.67%,7,35.26%,26,+1.73%,4,41.62%,8,+4.05%,7,26.01%,12,+2.89%,3,23.12%,13,+5.78%,21
global_mmlu_full_sw_global_facts,,,,,31.00%,16,+5.00%,5,32.00%,5,+6.00%,4,34.00%,10,+9.00%,11,24.00%,21,+11.00%,17,20.00%,23,+14.00%,23,26.00%,11,+12.00%,19,31.00%,4,+3.00%,2,30.00%,2,+5.00%,25
global_mmlu_full_sw_human_aging,,,,,25.56%,8,+9.42%,15,37.67%,11,+1.79%,3,42.15%,21,+3.59%,8,36.77%,8,+2.24%,3,29.60%,21,+4.93%,21,30.04%,15,+4.93%,13,36.77%,13,+2.24%,5,32.74%,21,+4.48%,9
global_mmlu_full_sw_management,,,,,25.24%,13,+9.71%,10,25.24%,13,+5.83%,6,38.83%,19,+1.94%,1,29.13%,26,+6.80%,7,29.13%,12,+8.74%,9,29.13%,4,+7.77%,23,23.30%,8,+17.48%,10,30.10%,25,+0.97%,1
global_mmlu_full_sw_marketing,,,,,32.05%,18,+5.98%,4,35.90%,11,-0.43%,0,42.74%,27,+3.42%,2,35.90%,24,+0.85%,2,41.45%,34,+2.14%,2,48.29%,34,+2.14%,4,30.77%,12,+3.42%,3,32.05%,20,+4.70%,11
global_mmlu_full_sw_medical_genetics,,,,,28.00%,5,+9.00%,12,42.00%,11,+2.00%,2,61.00%,23,+1.00%,1,44.00%,20,+3.00%,2,50.00%,34,+3.00%,4,52.00%,28,+3.00%,6,26.00%,14,+5.00%,6,38.00%,9,+10.00%,14
global_mmlu_full_sw_miscellaneous,,,,,31.03%,20,+2.94%,5,37.55%,15,+0.89%,1,46.74%,22,+0.13%,1,33.72%,20,+1.02%,5,37.16%,30,+0.64%,3,43.68%,26,+1.79%,5,29.63%,12,+2.55%,2,38.70%,15,+0.64%,1
global_mmlu_full_sw_nutrition,,,,,39.87%,21,+0.65%,2,38.24%,15,+0.98%,1,48.69%,17,+1.31%,2,37.25%,27,+1.31%,1,42.48%,27,+1.96%,3,45.75%,22,+2.61%,11,26.47%,7,+3.59%,4,35.95%,22,+3.59%,10
global_mmlu_full_sw_professional_accounting,,,,,24.11%,15,+6.38%,13,32.62%,14,-0.35%,0,32.62%,21,+2.13%,9,28.37%,16,+2.84%,15,29.08%,22,+6.38%,13,28.72%,18,+6.38%,24,27.30%,5,+1.42%,1,30.85%,31,+1.77%,4
global_mmlu_full_sw_professional_medicine,,,,,29.04%,13,+8.46%,6,25.74%,13,+9.19%,1,35.66%,22,+2.57%,5,27.57%,18,+11.76%,10,37.13%,24,+8.82%,5,42.65%,20,+5.51%,11,25.00%,8,+4.04%,4,23.90%,29,+2.21%,8
global_mmlu_full_sw_virology,,,,,28.31%,0,+4.82%,14,41.57%,14,+1.81%,2,42.77%,17,+1.20%,2,32.53%,5,+2.41%,5,37.35%,16,+0.60%,3,30.12%,17,+6.63%,24,28.31%,5,+4.82%,10,31.93%,27,+4.22%,13
global_mmlu_full_sw_econometrics,,,,,19.30%,3,+9.65%,18,26.32%,5,+5.26%,9,23.68%,21,+7.89%,20,27.19%,19,+7.89%,8,23.68%,0,+6.14%,16,36.84%,33,0.00%,0,14.91%,10,+14.04%,14,21.93%,3,+7.02%,19
global_mmlu_full_sw_high_school_geography,,,,,27.78%,13,+2.02%,5,32.83%,11,-0.51%,0,32.83%,10,+6.06%,16,28.28%,26,+8.59%,9,27.27%,0,+7.58%,13,39.39%,24,+2.02%,7,27.78%,8,+6.06%,2,30.81%,28,+1.52%,2
global_mmlu_full_sw_high_school_government_and_politics,,,,,33.16%,25,+1.04%,2,23.83%,13,+10.36%,6,31.09%,26,+5.70%,11,21.76%,18,+13.99%,15,24.35%,0,+11.40%,12,34.20%,18,+4.15%,10,26.42%,8,+8.81%,3,27.46%,8,+4.15%,14
global_mmlu_full_sw_high_school_macroeconomics,,,,,28.97%,12,+3.59%,9,31.54%,15,+0.77%,2,34.36%,17,+3.33%,7,26.41%,26,+3.33%,9,26.15%,0,+6.15%,11,32.82%,20,+2.82%,15,26.15%,8,+7.95%,4,25.64%,3,+4.10%,17
global_mmlu_full_sw_high_school_microeconomics,,,,,30.25%,19,+1.68%,4,31.09%,15,+2.52%,2,35.29%,26,+2.10%,3,28.15%,14,+7.56%,10,24.79%,0,+10.92%,14,36.97%,7,+3.78%,9,31.09%,8,+5.46%,3,28.99%,22,+3.78%,7
global_mmlu_full_sw_high_school_psychology,,,,,31.38%,13,+1.10%,2,27.71%,13,+4.22%,3,37.25%,22,+1.83%,3,27.16%,19,+4.59%,9,26.79%,0,+6.97%,11,34.13%,20,+2.39%,9,25.14%,8,+5.32%,3,29.36%,27,+0.92%,2
global_mmlu_full_sw_human_sexuality,,,,,28.24%,18,+3.82%,10,37.40%,11,+4.58%,2,45.04%,21,+4.58%,4,29.77%,6,+2.29%,5,34.35%,17,+6.87%,14,35.88%,22,+9.16%,22,29.01%,12,+0.76%,1,32.06%,10,+6.11%,15
global_mmlu_full_sw_professional_psychology,,,,,27.94%,20,+3.43%,9,28.76%,14,+1.63%,2,36.76%,20,-1.31%,0,25.49%,14,+2.78%,19,29.41%,26,+3.76%,21,31.54%,27,+2.12%,13,23.86%,2,+2.29%,14,28.92%,16,+2.45%,15
global_mmlu_full_sw_public_relations,,,,,30.00%,15,+7.27%,3,38.18%,9,+1.82%,2,30.91%,13,+7.27%,19,29.09%,7,+6.36%,6,29.09%,27,+1.82%,3,29.09%,15,+7.27%,20,29.09%,2,+5.45%,12,30.91%,18,+6.36%,7
global_mmlu_full_sw_security_studies,,,,,36.33%,20,+3.27%,4,37.96%,14,+2.45%,3,46.53%,22,+3.67%,3,21.63%,10,+2.04%,5,26.12%,0,+9.80%,11,47.35%,31,+2.86%,4,19.18%,8,+14.69%,11,35.92%,28,+3.67%,2
global_mmlu_full_sw_sociology,,,,,35.32%,24,+1.99%,4,38.31%,12,-0.50%,0,47.76%,22,+1.49%,4,29.85%,26,+3.98%,15,35.82%,35,+4.48%,7,50.25%,26,-1.00%,0,24.88%,7,+4.48%,7,33.33%,22,+2.49%,2
global_mmlu_full_sw_us_foreign_policy,,,,,36.00%,18,+1.00%,1,48.00%,15,-6.00%,0,51.00%,27,+4.00%,8,40.00%,16,+1.00%,2,42.00%,12,+3.00%,4,54.00%,32,+3.00%,2,20.00%,15,+9.00%,15,39.00%,24,+7.00%,13
global_mmlu_full_sw_abstract_algebra,,,,,23.00%,15,+9.00%,11,24.00%,4,+8.00%,11,32.00%,10,+4.00%,11,37.00%,27,+2.00%,1,34.00%,25,+2.00%,4,31.00%,22,+6.00%,13,30.00%,6,+4.00%,3,33.00%,3,+4.00%,6
global_mmlu_full_sw_anatomy,,,,,30.37%,11,+8.15%,4,29.63%,15,+0.74%,1,36.30%,17,+2.96%,4,26.67%,7,+4.44%,10,27.41%,23,+8.89%,11,28.15%,23,+3.70%,12,24.44%,9,+3.70%,6,31.11%,12,+2.22%,5
global_mmlu_full_sw_astronomy,,,,,28.95%,18,+9.21%,10,32.89%,11,+2.63%,3,38.16%,18,+1.32%,3,26.97%,26,+8.55%,18,31.58%,12,+7.24%,10,47.37%,31,+1.97%,2,25.00%,12,+4.61%,6,29.61%,23,+5.92%,15
global_mmlu_full_sw_college_biology,,,,,24.31%,12,+6.94%,20,30.56%,13,+0.69%,1,42.36%,22,+2.08%,3,34.72%,7,0.00%,0,39.58%,32,+2.08%,7,45.83%,26,+0.69%,1,22.22%,4,+6.94%,9,32.64%,8,+4.17%,10
global_mmlu_full_sw_college_chemistry,,,,,31.00%,22,+5.00%,5,30.00%,11,+2.00%,2,28.00%,8,+9.00%,14,25.00%,10,+14.00%,15,37.00%,27,+5.00%,5,36.00%,24,+5.00%,12,21.00%,7,+10.00%,9,25.00%,9,+7.00%,16
global_mmlu_full_sw_college_computer_science,,,,,34.00%,25,+5.00%,3,30.00%,15,+3.00%,3,27.00%,15,+6.00%,9,25.00%,0,+6.00%,12,38.00%,35,+5.00%,5,33.00%,17,+4.00%,12,19.00%,4,+12.00%,11,26.00%,16,+7.00%,12
global_mmlu_full_sw_college_mathematics,,,,,31.00%,25,+2.00%,2,28.00%,3,+5.00%,6,30.00%,6,+3.00%,2,29.00%,8,+3.00%,5,37.00%,31,+8.00%,8,39.00%,2,+2.00%,3,32.00%,14,-2.00%,0,35.00%,4,+2.00%,2
global_mmlu_full_sw_college_physics,,,,,22.55%,2,+8.82%,13,28.43%,1,+3.92%,2,28.43%,17,+4.90%,8,25.49%,1,+12.75%,4,21.57%,0,+15.69%,22,38.24%,31,+3.92%,11,20.59%,8,+7.84%,10,23.53%,11,+3.92%,7
global_mmlu_full_sw_computer_security,,,,,33.00%,17,+5.00%,3,40.00%,15,-2.00%,0,48.00%,20,+5.00%,7,33.00%,10,+3.00%,9,35.00%,12,+5.00%,15,47.00%,30,+3.00%,4,30.00%,12,+3.00%,2,34.00%,7,+3.00%,5
global_mmlu_full_sw_conceptual_physics,,,,,29.36%,12,+3.83%,5,33.19%,12,+2.98%,5,34.47%,11,+2.98%,6,26.81%,12,+5.96%,19,27.66%,29,+4.68%,16,33.19%,15,+2.98%,12,28.09%,4,+5.53%,14,27.66%,8,+6.38%,16
global_mmlu_full_sw_electrical_engineering,,,,,26.21%,17,+8.97%,8,32.41%,11,+2.76%,1,46.21%,16,+0.69%,2,29.66%,24,+2.76%,6,40.00%,31,+4.83%,6,44.14%,26,+4.14%,11,22.76%,7,+7.59%,11,40.00%,24,+2.07%,3
global_mmlu_full_sw_elementary_mathematics,,,,,23.28%,18,+5.56%,15,24.07%,0,+4.23%,12,31.48%,20,+2.91%,9,34.92%,16,+2.38%,5,37.83%,31,+2.12%,9,49.21%,22,+3.44%,7,26.19%,12,+1.32%,5,29.10%,31,+1.59%,13
global_mmlu_full_sw_high_school_biology,,,,,31.61%,21,+3.23%,7,35.16%,15,+2.58%,2,40.00%,22,+3.23%,5,34.19%,18,+2.58%,5,31.29%,18,+10.32%,14,46.45%,30,+1.94%,8,32.26%,12,-0.32%,0,37.74%,28,+2.58%,4
global_mmlu_full_sw_high_school_chemistry,,,,,30.54%,25,+0.49%,1,33.50%,15,+3.94%,1,37.44%,11,+7.39%,13,25.12%,19,+5.42%,15,33.50%,26,+2.96%,10,44.33%,26,+0.99%,2,25.12%,8,+4.93%,13,31.03%,13,+2.96%,9
global_mmlu_full_sw_high_school_computer_science,,,,,25.00%,16,+7.00%,8,30.00%,2,+1.00%,3,35.00%,27,+8.00%,11,36.00%,20,+4.00%,5,47.00%,35,+3.00%,4,55.00%,25,0.00%,0,22.00%,0,+5.00%,6,34.00%,25,0.00%,0
global_mmlu_full_sw_high_school_mathematics,,,,,23.33%,10,+5.56%,16,27.04%,7,+2.59%,4,30.37%,10,+2.22%,10,31.85%,20,+4.44%,9,31.11%,7,+2.96%,10,43.33%,25,+1.48%,5,27.78%,3,+1.11%,1,28.89%,6,+2.22%,7
global_mmlu_full_sw_high_school_physics,,,,,27.15%,19,+3.97%,3,28.48%,3,+1.99%,3,25.17%,2,+5.30%,12,23.84%,1,+5.30%,11,25.83%,22,+2.65%,8,31.13%,22,+4.64%,10,23.84%,8,+7.28%,6,26.49%,11,+3.97%,17
global_mmlu_full_sw_high_school_statistics,,,,,29.17%,22,+3.70%,5,28.70%,13,+8.80%,3,32.41%,22,+4.17%,5,19.44%,18,+18.52%,19,25.46%,0,+16.20%,13,37.96%,24,+6.02%,13,18.52%,8,+24.54%,5,25.46%,10,+4.63%,14
global_mmlu_full_sw_machine_learning,,,,,20.54%,0,+16.96%,24,32.14%,6,+1.79%,2,26.79%,6,+10.71%,17,26.79%,13,+6.25%,5,22.32%,9,+11.61%,34,31.25%,13,+4.46%,10,23.21%,0,+5.36%,13,25.00%,0,+6.25%,15
global_mmlu_full_zh_formal_logic,,,,,32.54%,2,+3.17%,5,34.13%,15,-1.59%,0,34.92%,26,+3.97%,4,41.27%,17,+7.14%,3,57.94%,24,+3.17%,10,55.56%,3,+6.35%,10,27.78%,12,+3.17%,3,29.37%,25,+6.35%,11
global_mmlu_full_zh_high_school_european_history,,,,,46.06%,24,+1.21%,1,46.06%,15,+0.61%,1,64.24%,19,+1.82%,1,67.27%,26,-0.61%,0,77.58%,28,0.00%,0,79.39%,25,+0.61%,3,35.15%,11,+1.21%,1,48.48%,16,+3.64%,11
global_mmlu_full_zh_high_school_us_history,,,,,30.88%,20,+6.37%,8,36.27%,14,+0.49%,1,58.33%,24,0.00%,0,57.35%,20,+0.98%,7,72.06%,25,+1.47%,6,84.31%,28,+0.49%,2,26.96%,15,+2.45%,2,37.25%,15,+3.43%,10
global_mmlu_full_zh_high_school_world_history,,,,,37.55%,15,+8.02%,9,46.84%,14,+2.95%,3,67.51%,24,+1.69%,3,66.24%,26,+0.84%,5,77.64%,32,+1.27%,3,79.32%,21,+2.95%,13,32.49%,12,+2.11%,3,53.16%,24,+2.95%,6
global_mmlu_full_zh_international_law,,,,,38.02%,1,+11.57%,7,56.20%,11,0.00%,0,72.73%,16,+1.65%,4,63.64%,16,+1.65%,5,74.38%,28,+3.31%,8,84.30%,26,0.00%,0,34.71%,15,+3.31%,1,63.64%,19,+0.83%,3
global_mmlu_full_zh_jurisprudence,,,,,37.04%,25,+1.85%,3,53.70%,15,-1.85%,0,62.96%,24,+4.63%,6,50.00%,7,+4.63%,12,63.89%,17,+5.56%,7,75.00%,19,+1.85%,6,28.70%,11,+3.70%,7,47.22%,23,+2.78%,5
global_mmlu_full_zh_logical_fallacies,,,,,38.65%,20,+3.68%,5,39.26%,15,+0.61%,1,45.40%,21,+6.13%,7,52.76%,18,+1.84%,3,66.26%,33,+3.07%,4,69.94%,14,+4.29%,10,33.13%,12,+1.84%,1,35.58%,25,+3.07%,11
global_mmlu_full_zh_moral_disputes,,,,,34.39%,20,+4.62%,8,43.35%,15,0.00%,0,54.62%,16,+0.58%,3,51.45%,16,+1.73%,2,58.38%,31,+0.87%,2,63.29%,27,+0.87%,2,36.71%,11,-0.87%,0,45.66%,19,+0.29%,2
global_mmlu_full_zh_moral_scenarios,,,,,26.59%,5,+1.79%,6,23.35%,5,+3.91%,14,32.40%,18,+5.59%,7,26.37%,24,+3.02%,7,25.14%,20,+6.59%,21,39.11%,29,+1.23%,7,24.36%,11,+3.46%,6,24.25%,9,+1.90%,13
global_mmlu_full_zh_philosophy,,,,,36.66%,15,+3.54%,5,41.16%,15,+2.25%,2,49.20%,22,+1.61%,6,52.41%,16,+1.61%,4,63.67%,28,+0.96%,4,66.24%,32,+1.93%,5,29.58%,12,+2.89%,5,44.05%,25,+1.29%,2
global_mmlu_full_zh_prehistory,,,,,39.51%,20,+2.78%,5,38.89%,11,-0.31%,0,49.07%,17,+0.62%,1,49.38%,16,+1.85%,6,61.11%,32,+0.62%,1,69.75%,32,+1.54%,9,31.17%,13,0.00%,0,37.35%,23,0.00%,0
global_mmlu_full_zh_professional_law,,,,,26.79%,16,+1.50%,7,31.49%,11,+1.30%,1,36.57%,22,+0.20%,3,34.75%,23,0.00%,0,41.85%,28,+0.33%,4,45.24%,35,+0.26%,3,27.64%,11,+1.11%,2,32.01%,14,+2.28%,11
global_mmlu_full_zh_world_religions,,,,,35.09%,17,+6.43%,14,43.86%,15,-0.58%,0,61.40%,19,+1.17%,2,65.50%,16,+3.51%,8,77.19%,26,0.00%,0,81.29%,24,+1.17%,2,35.67%,15,+4.68%,2,48.54%,25,+0.58%,1
global_mmlu_full_zh_business_ethics,,,,,48.00%,17,0.00%,0,37.00%,11,+8.00%,5,48.00%,7,+7.00%,13,62.00%,23,+1.00%,1,63.00%,28,+2.00%,8,68.00%,29,+2.00%,8,38.00%,11,-1.00%,0,43.00%,21,+4.00%,14
global_mmlu_full_zh_clinical_knowledge,,,,,40.38%,22,+1.13%,4,47.17%,11,-1.13%,0,54.72%,20,+1.51%,3,57.74%,26,+0.75%,1,70.94%,35,0.00%,0,73.58%,28,+2.64%,10,28.30%,12,+1.89%,3,39.62%,14,+2.26%,9
global_mmlu_full_zh_college_medicine,,,,,36.99%,22,+3.47%,6,41.04%,15,+1.16%,1,49.13%,22,+0.58%,1,53.18%,25,+1.73%,2,66.47%,27,+1.16%,5,72.83%,20,+2.31%,9,27.75%,8,+5.20%,4,30.64%,17,+5.78%,12
global_mmlu_full_zh_global_facts,,,,,23.00%,20,+13.00%,12,32.00%,2,+4.00%,8,32.00%,11,+4.00%,6,32.00%,14,+5.00%,8,41.00%,23,+1.00%,2,45.00%,28,+1.00%,1,22.00%,6,+11.00%,11,29.00%,18,+12.00%,21
global_mmlu_full_zh_human_aging,,,,,35.43%,17,+2.69%,6,42.15%,15,-1.79%,0,52.47%,12,+4.04%,10,48.88%,24,+2.24%,5,59.19%,29,+1.35%,1,66.82%,22,+2.24%,8,41.70%,11,-0.90%,0,48.88%,24,-0.45%,0
global_mmlu_full_zh_management,,,,,47.57%,18,+0.97%,2,45.63%,15,+1.94%,1,56.31%,23,+0.97%,1,65.05%,11,+2.91%,5,76.70%,21,+2.91%,2,80.58%,35,+2.91%,11,27.18%,2,+6.80%,4,41.75%,13,+7.77%,9
global_mmlu_full_zh_marketing,,,,,52.99%,15,+3.42%,5,56.84%,15,-0.85%,0,69.66%,19,+0.85%,4,74.79%,25,+1.71%,6,79.49%,7,+2.14%,12,87.18%,27,+1.28%,2,45.30%,12,-0.85%,0,58.55%,19,+0.85%,4
global_mmlu_full_zh_medical_genetics,,,,,35.00%,20,+3.00%,4,30.00%,11,+10.00%,8,56.00%,17,+1.00%,1,56.00%,18,0.00%,0,70.00%,27,0.00%,0,75.00%,19,+2.00%,3,31.00%,14,+4.00%,2,35.00%,11,+6.00%,18
global_mmlu_full_zh_miscellaneous,,,,,40.36%,20,+2.04%,3,44.96%,15,+0.13%,1,58.49%,16,+1.53%,3,60.28%,16,+0.64%,2,70.88%,31,+0.89%,11,76.88%,22,+1.02%,4,31.03%,12,+3.45%,4,44.83%,27,+0.77%,3
global_mmlu_full_zh_nutrition,,,,,45.10%,15,+2.61%,4,49.67%,15,+0.98%,1,64.05%,23,0.00%,0,57.84%,25,+1.31%,3,69.28%,27,+0.98%,4,78.76%,22,0.00%,0,37.25%,15,+2.29%,2,43.46%,19,+1.96%,8
global_mmlu_full_zh_professional_accounting,,,,,28.37%,20,+3.90%,2,34.75%,15,+2.13%,1,41.84%,16,+0.71%,3,42.91%,5,0.00%,0,46.10%,26,+0.71%,3,50.35%,25,+2.13%,13,27.66%,8,-1.42%,0,37.23%,31,+0.35%,1
global_mmlu_full_zh_professional_medicine,,,,,27.57%,13,+14.71%,4,36.40%,13,+6.62%,2,48.90%,20,+2.57%,6,51.84%,26,+1.10%,2,68.75%,31,+1.84%,4,75.00%,22,+2.21%,6,21.69%,8,+8.46%,7,29.78%,15,+3.68%,13
global_mmlu_full_zh_virology,,,,,39.76%,17,+2.41%,2,40.36%,12,+1.81%,1,45.78%,23,+0.60%,2,45.78%,20,0.00%,0,45.18%,14,+3.61%,6,53.61%,26,+1.81%,3,34.34%,14,+3.61%,2,32.53%,5,+6.63%,19
global_mmlu_full_zh_econometrics,,,,,21.93%,3,+8.77%,13,25.44%,11,+3.51%,6,28.07%,12,+6.14%,18,41.23%,17,+1.75%,3,50.88%,22,+1.75%,6,60.53%,25,+4.39%,10,20.18%,5,+8.77%,13,27.19%,7,+3.51%,13
global_mmlu_full_zh_high_school_geography,,,,,44.95%,19,+0.51%,2,43.94%,15,+2.53%,1,60.10%,20,+3.03%,4,67.17%,26,+2.02%,4,75.25%,28,+1.52%,3,78.28%,16,+1.52%,8,32.32%,11,-2.53%,0,43.43%,25,+2.53%,7
global_mmlu_full_zh_high_school_government_and_politics,,,,,38.86%,18,+2.59%,8,37.82%,15,+1.55%,1,54.40%,21,+1.55%,4,56.99%,27,0.00%,0,74.09%,19,+0.52%,2,83.94%,26,0.00%,0,28.50%,15,+5.70%,3,40.41%,25,-0.52%,0
global_mmlu_full_zh_high_school_macroeconomics,,,,,35.90%,18,+2.05%,5,37.18%,13,+0.26%,1,46.41%,19,+1.03%,3,52.05%,26,+2.31%,5,70.26%,35,+1.28%,5,75.64%,28,+1.28%,5,26.41%,15,+5.38%,5,30.00%,7,+4.36%,22
global_mmlu_full_zh_high_school_microeconomics,,,,,39.50%,15,+2.94%,4,39.92%,15,+1.26%,1,46.64%,26,+4.20%,8,59.24%,26,+1.68%,1,78.15%,35,+0.84%,2,83.19%,32,0.00%,0,31.93%,15,+5.46%,3,37.82%,15,+0.84%,4
global_mmlu_full_zh_high_school_psychology,,,,,43.67%,20,+0.73%,3,42.20%,15,+0.18%,1,60.00%,19,+2.02%,4,68.07%,26,+1.83%,4,79.27%,35,+0.92%,5,82.20%,21,+1.10%,7,25.69%,8,+6.79%,6,39.63%,19,+1.65%,5
global_mmlu_full_zh_human_sexuality,,,,,38.17%,11,+0.76%,3,47.33%,14,+4.58%,2,64.12%,19,0.00%,0,57.25%,18,+2.29%,4,71.76%,30,+0.76%,1,72.52%,2,+3.82%,14,35.88%,12,+4.58%,3,41.98%,13,+4.58%,9
global_mmlu_full_zh_professional_psychology,,,,,33.50%,20,+0.98%,4,36.11%,11,-0.49%,0,47.22%,22,0.00%,0,47.22%,16,+1.80%,4,61.93%,33,+0.16%,1,67.48%,26,0.00%,0,31.37%,11,-1.14%,0,36.27%,21,+1.63%,12
global_mmlu_full_zh_public_relations,,,,,39.09%,19,0.00%,0,43.64%,11,+1.82%,2,51.82%,24,+2.73%,4,51.82%,23,+1.82%,4,58.18%,25,+0.91%,1,60.00%,9,+3.64%,12,33.64%,3,+2.73%,6,37.27%,10,+9.09%,15
global_mmlu_full_zh_security_studies,,,,,44.49%,15,+1.22%,4,48.57%,14,-0.41%,0,60.82%,22,+0.82%,2,61.63%,26,+1.63%,3,67.76%,34,+0.82%,3,69.39%,7,+2.86%,11,28.98%,4,+6.94%,4,53.47%,23,+0.82%,2
global_mmlu_full_zh_sociology,,,,,53.23%,15,+1.00%,3,58.21%,15,+1.00%,1,67.16%,19,+1.99%,3,67.66%,25,+0.50%,1,77.11%,27,+1.00%,2,77.61%,19,+2.99%,7,43.28%,14,+1.99%,2,58.71%,19,+1.00%,5
global_mmlu_full_zh_us_foreign_policy,,,,,47.00%,15,+7.00%,4,56.00%,15,+2.00%,1,67.00%,21,+3.00%,6,65.00%,20,0.00%,0,73.00%,34,+1.00%,1,81.00%,28,+3.00%,5,46.00%,15,+5.00%,2,58.00%,24,+2.00%,5
global_mmlu_full_zh_abstract_algebra,,,,,21.00%,0,+13.00%,16,25.00%,1,+5.00%,11,29.00%,15,+9.00%,17,30.00%,12,+6.00%,11,46.00%,26,+5.00%,3,51.00%,28,+4.00%,12,32.00%,13,+5.00%,3,31.00%,10,+7.00%,7
global_mmlu_full_zh_anatomy,,,,,34.81%,16,+6.67%,7,41.48%,15,+1.48%,1,51.85%,15,+2.22%,1,52.59%,14,+0.74%,2,54.81%,19,+2.96%,5,69.63%,2,+2.96%,4,33.33%,12,0.00%,0,32.59%,11,+5.19%,16
global_mmlu_full_zh_astronomy,,,,,38.82%,18,+2.63%,2,45.39%,14,-0.66%,0,54.61%,13,+2.63%,5,59.21%,17,+0.66%,2,73.68%,34,+3.29%,13,80.92%,21,+3.95%,19,26.32%,11,+3.95%,4,35.53%,1,+3.95%,12
global_mmlu_full_zh_college_biology,,,,,40.28%,23,0.00%,0,34.72%,12,-0.69%,0,47.22%,13,+5.56%,10,54.86%,12,+0.69%,3,75.69%,29,+2.08%,2,84.72%,25,+1.39%,3,31.25%,15,+2.08%,2,31.94%,31,+2.78%,12
global_mmlu_full_zh_college_chemistry,,,,,33.00%,22,+4.00%,4,31.00%,12,+3.00%,4,40.00%,9,+4.00%,8,39.00%,18,+4.00%,10,57.00%,26,+1.00%,1,53.00%,17,+5.00%,9,27.00%,8,+15.00%,5,26.00%,1,+7.00%,25
global_mmlu_full_zh_college_computer_science,,,,,41.00%,22,+1.00%,1,27.00%,3,+9.00%,9,36.00%,17,+5.00%,6,45.00%,21,+8.00%,5,60.00%,2,+2.00%,4,64.00%,20,+2.00%,6,28.00%,8,+4.00%,2,35.00%,12,+7.00%,16
global_mmlu_full_zh_college_mathematics,,,,,32.00%,23,+1.00%,1,25.00%,11,+3.00%,6,27.00%,3,+7.00%,16,37.00%,14,+5.00%,7,49.00%,26,+3.00%,8,57.00%,22,+5.00%,6,34.00%,14,+2.00%,1,41.00%,31,+1.00%,1
global_mmlu_full_zh_college_physics,,,,,20.59%,0,+9.80%,13,32.35%,13,+0.98%,2,36.27%,20,+3.92%,6,35.29%,18,+6.86%,4,55.88%,21,+2.94%,4,50.98%,7,+6.86%,11,21.57%,14,+11.76%,5,13.73%,1,+12.75%,29
global_mmlu_full_zh_computer_security,,,,,38.00%,25,+7.00%,7,45.00%,11,+2.00%,2,60.00%,25,+6.00%,8,63.00%,9,+5.00%,9,73.00%,23,+3.00%,5,82.00%,26,+2.00%,2,37.00%,12,+2.00%,1,55.00%,8,+4.00%,8
global_mmlu_full_zh_conceptual_physics,,,,,35.32%,19,+2.55%,1,35.32%,14,+1.28%,2,42.13%,13,+4.26%,5,52.34%,19,+3.40%,3,74.47%,25,+1.28%,4,75.74%,26,+1.28%,4,34.89%,13,+2.55%,1,30.64%,5,+3.40%,13
global_mmlu_full_zh_electrical_engineering,,,,,40.69%,18,+4.83%,5,46.21%,15,-2.76%,0,52.41%,16,+2.07%,3,55.17%,20,+6.21%,2,65.52%,31,+2.76%,3,73.10%,28,+0.69%,1,33.10%,13,+3.45%,4,43.45%,7,+2.07%,6
global_mmlu_full_zh_elementary_mathematics,,,,,25.40%,11,+2.65%,8,29.37%,12,+0.53%,1,37.30%,13,+1.32%,4,48.94%,18,+3.17%,4,57.94%,31,+1.85%,1,67.46%,32,0.00%,0,29.63%,15,+1.06%,1,33.60%,27,+2.12%,5
global_mmlu_full_zh_high_school_biology,,,,,38.06%,20,+1.29%,1,40.97%,15,+0.97%,1,57.10%,18,+0.97%,4,67.10%,26,+1.94%,5,80.97%,26,+0.65%,1,86.45%,31,+0.65%,2,30.97%,12,+8.71%,3,40.32%,13,+2.58%,3
global_mmlu_full_zh_high_school_chemistry,,,,,29.56%,20,+4.93%,4,38.92%,11,+2.46%,2,44.33%,24,+2.96%,3,52.22%,26,+0.99%,1,67.00%,22,+0.49%,4,66.50%,23,+2.46%,17,26.11%,8,+3.45%,11,33.50%,28,+3.94%,17
global_mmlu_full_zh_high_school_computer_science,,,,,31.00%,16,+6.00%,3,36.00%,11,0.00%,0,55.00%,17,+3.00%,2,60.00%,25,+4.00%,6,78.00%,3,+2.00%,10,81.00%,17,+5.00%,10,30.00%,12,+2.00%,2,52.00%,16,+2.00%,5
global_mmlu_full_zh_high_school_mathematics,,,,,23.70%,22,+3.70%,10,27.78%,7,+3.33%,4,35.93%,22,+2.96%,6,36.30%,19,+2.22%,8,43.70%,19,+6.30%,10,55.56%,27,-0.37%,0,24.07%,4,+7.04%,14,30.37%,27,+1.11%,3
global_mmlu_full_zh_high_school_physics,,,,,25.83%,19,+4.64%,5,30.46%,15,+1.99%,2,34.44%,2,+3.31%,10,44.37%,18,+3.31%,4,60.93%,25,+0.66%,2,68.87%,33,0.00%,0,27.81%,8,+5.96%,6,32.45%,27,+1.99%,5
global_mmlu_full_zh_high_school_statistics,,,,,36.11%,22,+3.70%,3,33.33%,10,+2.31%,1,40.28%,20,+4.63%,6,53.70%,18,+8.33%,5,68.06%,3,+0.93%,5,74.07%,22,+0.93%,4,21.30%,8,+15.74%,5,37.04%,19,+9.26%,13
global_mmlu_full_zh_machine_learning,,,,,30.36%,10,+9.82%,13,25.89%,6,+8.93%,11,36.61%,8,+7.14%,12,42.86%,22,+5.36%,8,54.46%,29,+4.46%,12,50.00%,21,+4.46%,6,28.57%,1,+4.46%,4,25.00%,7,+13.39%,25
toxigen,44.89%,5,+11.28%,16,43.40%,23,+12.02%,17,40.74%,0,+16.06%,13,53.72%,16,+3.83%,11,42.02%,2,+6.17%,12,39.36%,6,+17.66%,18,51.70%,22,+6.38%,13,52.77%,6,+4.36%,4,57.55%,16,+6.91%,13
hellaswag,33.58%,16,-0.71%,0,43.39%,24,-0.22%,0,45.68%,15,-1.51%,0,53.23%,22,-0.66%,0,46.12%,24,-1.42%,0,52.23%,2,-0.76%,0,57.11%,2,-0.36%,0,52.92%,15,-2.76%,0,64.34%,27,-0.77%,0
anli_r1,34.30%,9,+1.40%,3,32.40%,0,+2.50%,12,33.80%,8,+2.80%,5,44.00%,15,+1.50%,12,41.30%,16,+3.60%,6,54.80%,26,+1.80%,4,66.70%,28,-0.40%,0,37.10%,11,-0.20%,0,55.30%,22,+1.40%,3
anli_r2,34.20%,11,+0.30%,1,35.20%,17,+0.60%,9,34.00%,14,+1.30%,7,40.10%,16,+1.90%,9,41.00%,22,-0.10%,0,46.10%,25,+2.60%,11,54.30%,24,0.00%,0,37.00%,11,-0.30%,0,47.10%,15,+1.60%,5
anli_r3,32.67%,1,+2.42%,16,35.83%,21,+0.17%,4,36.75%,12,+1.42%,2,42.42%,15,+3.17%,,42.75%,25,+0.67%,1,51.17%,25,+1.50%,8,55.50%,31,+1.17%,4,38.58%,13,-0.33%,0,46.58%,21,+2.42%,9
bbh_cot_fewshot_boolean_expressions,,,,,81.60%,21,2.40%,1,74.80%,15,-7.20%,0,,,,,90.40%,27,2.40%,3,96.40%,21,2.80%,8,98.00%,28,0.80%,3,,,,,,,,
bbh_cot_fewshot_causal_judgement,,,,,51.87%,19,1.60%,3,48.66%,4,3.74%,6,,,,,49.73%,23,4.28%,4,34.22%,14,28.34%,27,55.61%,22,6.42%,20,,,,,,,,
bbh_cot_fewshot_date_understanding,,,,,26.40%,20,0.40%,1,56.00%,12,-12.40%,0,,,,,64.40%,26,2.40%,1,78.00%,8,2.80%,2,84.40%,16,2.00%,3,,,,,,,,
bbh_cot_fewshot_disambiguation_qa,,,,,37.60%,25,8.00%,9,46.00%,12,-2.40%,0,,,,,29.60%,8,12.40%,18,59.20%,9,5.60%,6,58.80%,23,9.60%,17,,,,,,,,
bbh_cot_fewshot_dyck_languages,,,,,9.20%,20,6.00%,2,2.80%,14,-2.40%,0,,,,,5.60%,21,-1.20%,0,40.00%,32,-0.80%,0,44.00%,31,8.80%,3,,,,,,,,
bbh_cot_fewshot_formal_fallacies,,,,,47.60%,1,4.00%,2,52.40%,4,-3.20%,0,,,,,15.20%,12,29.60%,17,65.20%,31,9.20%,5,68.80%,10,11.60%,13,,,,,,,,
bbh_cot_fewshot_geometric_shapes,,,,,9.20%,25,4.40%,11,22.80%,13,-2.40%,0,,,,,29.60%,13,13.60%,13,48.40%,15,8.40%,7,60.40%,16,13.60%,7,,,,,,,,
bbh_cot_fewshot_hyperbaton,,,,,52.40%,13,4.40%,4,56.80%,12,0.00%,0,,,,,69.20%,3,-0.40%,0,95.20%,13,2.00%,5,94.80%,19,3.60%,7,,,,,,,,
bbh_cot_fewshot_logical_deduction_five_objects,,,,,22.40%,21,2.40%,5,25.20%,12,-4.80%,0,,,,,9.20%,9,25.60%,15,62.00%,28,0.80%,2,68.00%,28,5.20%,6,,,,,,,,
bbh_cot_fewshot_logical_deduction_seven_objects,,,,,18.00%,19,-0.80%,0,13.20%,7,2.40%,2,,,,,0.00%,8,30.00%,17,32.40%,3,5.20%,4,41.20%,28,6.40%,3,,,,,,,,
bbh_cot_fewshot_logical_deduction_three_objects,,,,,40.40%,20,1.60%,1,34.00%,12,2.00%,2,,,,,78.40%,23,0.80%,1,91.60%,28,4.00%,17,97.60%,28,1.60%,2,,,,,,,,
bbh_cot_fewshot_movie_recommendation,,,,,30.40%,14,2.00%,3,44.80%,12,-8.40%,0,,,,,57.20%,14,14.80%,4,70.80%,16,5.60%,3,76.00%,11,6.00%,8,,,,,,,,
bbh_cot_fewshot_multistep_arithmetic_two,,,,,64.80%,25,-6.80%,0,25.60%,15,-8.80%,0,,,,,96.40%,7,-6.80%,0,99.20%,4,0.00%,0,98.40%,3,0.80%,3,,,,,,,,
bbh_cot_fewshot_navigate,,,,,74.40%,23,0.80%,1,61.20%,12,3.20%,2,,,,,88.40%,25,2.40%,1,92.80%,7,4.00%,5,96.00%,2,1.60%,1,,,,,,,,
bbh_cot_fewshot_object_counting,,,,,59.60%,25,-3.60%,0,54.40%,15,-6.40%,0,,,,,75.20%,26,-5.20%,0,84.80%,26,3.60%,4,89.60%,26,3.20%,2,,,,,,,,
bbh_cot_fewshot_penguins_in_a_table,,,,,17.81%,24,10.27%,13,39.73%,12,-12.33%,0,,,,,58.22%,27,-2.74%,0,78.08%,2,8.90%,7,89.04%,31,2.74%,4,,,,,,,,
bbh_cot_fewshot_reasoning_about_colored_objects,,,,,17.20%,21,3.60%,5,32.40%,12,-1.20%,0,,,,,59.20%,23,6.40%,7,86.80%,3,2.40%,3,85.20%,32,7.20%,8,,,,,,,,
bbh_cot_fewshot_ruin_names,,,,,35.60%,21,6.40%,5,46.40%,11,-12.40%,0,,,,,50.00%,10,7.60%,4,76.40%,31,0.00%,0,80.00%,9,5.20%,6,,,,,,,,
bbh_cot_fewshot_salient_translation_error_detection,,,,,12.80%,8,8.80%,4,21.60%,2,-1.60%,0,,,,,6.00%,7,36.40%,24,60.40%,5,3.20%,3,60.80%,27,2.80%,7,,,,,,,,
bbh_cot_fewshot_snarks,,,,,51.12%,24,1.69%,2,44.38%,13,3.93%,8,,,,,44.94%,9,10.67%,7,65.17%,24,3.93%,9,70.79%,34,-1.12%,0,,,,,,,,
bbh_cot_fewshot_sports_understanding,,,,,59.60%,21,4.80%,7,70.00%,13,5.60%,4,,,,,76.80%,21,-2.00%,0,84.40%,21,0.80%,1,86.40%,32,2.40%,9,,,,,,,,
bbh_cot_fewshot_temporal_sequences,,,,,28.80%,9,2.80%,7,21.60%,10,8.40%,12,,,,,29.20%,12,11.60%,3,88.00%,26,2.80%,1,93.60%,24,0.00%,0,,,,,,,,
bbh_cot_fewshot_tracking_shuffled_objects_five_objects,,,,,22.00%,20,2.80%,4,18.00%,3,-1.20%,0,,,,,18.80%,24,42.80%,15,98.80%,28,0.80%,1,96.40%,32,0.40%,2,,,,,,,,
bbh_cot_fewshot_tracking_shuffled_objects_seven_objects,,,,,16.80%,19,0.80%,2,12.40%,4,-0.80%,0,,,,,0.00%,7,24.00%,18,89.20%,32,4.80%,5,90.40%,27,4.00%,6,,,,,,,,
bbh_cot_fewshot_tracking_shuffled_objects_three_objects,,,,,50.00%,20,2.80%,4,35.60%,13,-3.20%,0,,,,,82.40%,24,2.40%,2,99.60%,31,0.00%,0,99.60%,32,0.00%,0,,,,,,,,
bbh_cot_fewshot_web_of_lies,,,,,83.20%,19,0.80%,1,63.20%,2,-10.80%,0,,,,,100.00%,24,0.00%,0,100.00%,1,0.00%,0,100.00%,24,0.00%,0,,,,,,,,
bbh_cot_fewshot_word_sorting,,,,,3.60%,20,0.80%,2,7.60%,12,-3.20%,0,,,,,18.40%,7,-0.40%,0,49.20%,2,1.60%,1,61.60%,4,-2.80%,0,,,,,,,,
bbh,,,,,37.98%,24,-1.04%,0,38.01%,12,-6.39%,0,,,,,48.10%,7,-0.26%,0,75.50%,31,-0.69%,0,79.63%,31,0.06%,1,,,,,,,,
gsm8k,,,,,25.78%,25,-0.45%,0,33.51%,15,-11.22%,0,,,,,69.60%,26,-4.62%,0,84.31%,32,-0.53%,0,88.40%,32,-0.99%,0,,,,,,,,
humaneval_instruct,,,,,0.61%,24,2.44%,11,34.15%,15,-19.51%,0,,,,,53.05%,27,-7.93%,0,35.98%,14,30.49%,23,78.05%,2,2.44%,1,,,,,,,,
ifeval,,,,,48.43%,20,2.40%,1,47.87%,12,-9.98%,0,,,,,21.44%,27,2.96%,1,27.91%,33,4.25%,7,28.10%,34,17.93%,6,,,,,,,,
squadv2,,,,,31.33%,16,4.33%,7,22.46%,12,-5.31%,0,,,,,23.07%,22,1.39%,6,26.55%,5,3.71%,5,25.98%,1,2.50%,8,,,,,,,,
,,,+7.82%,,,,+3.73%,,,,+1.85%,,,,+3.05%,,,,+3.60%,,,,+2.86%,,,,+2.49%,,,,+4.12%,,,,+3.59%,